,Lat,Lon,City,Country,Max Temp,Humidity,Cloudiness,Wind Speed,Set
0,-19.0,51.0,toamasina,mg,77,94,40,2.24,Set 1
1,84.0,-89.0,qaanaaq,gl,-15.19,88,0,8.41,Set 1
2,16.0,-78.0,bull savanna,jm,79.05,88,80,4.5,Set 1
3,29.0,-163.0,kapaa,us,71.6,88,90,12.75,Set 1
4,86.0,45.0,belushya guba,ru,,,,,Set 1
5,0.0,-40.0,acarau,br,,,,,Set 1
6,-74.0,157.0,bluff,nz,73.29,83,24,5.39,Set 1
7,-37.0,140.0,mount gambier,au,62.76,74,92,11.32,Set 1
8,-40.0,39.0,margate,za,64.4,55,40,28.86,Set 1
9,62.0,-40.0,tasiilaq,gl,32,99,92,26.4,Set 1
10,-34.0,141.0,mildura,au,52.41,66,0,2.82,Set 1
11,-80.0,-128.0,rikitea,pf,80.04,100,68,16.02,Set 1
12,78.0,74.0,dikson,ru,-5.65,99,44,36.93,Set 1
13,-73.0,40.0,port alfred,za,73.11,82,0,12.55,Set 1
14,-55.0,73.0,souillac,mu,46.4,75,0,9.17,Set 1
15,35.0,10.0,sidi bu zayd,tn,,,,,Set 1
16,56.0,-127.0,smithers,ca,33.8,74,40,4.7,Set 1
17,0.0,62.0,victoria,sc,82.4,94,75,4.7,Set 1
18,-54.0,-54.0,ushuaia,ar,39.2,93,90,6.93,Set 1
19,15.0,-72.0,pedernales,do,83.91,99,32,4.16,Set 1
20,53.0,142.0,lazarev,ru,3.45,64,24,12.21,Set 1
21,13.0,-63.0,gouyave,gd,84.2,70,20,17.22,Set 1
22,-56.0,102.0,busselton,au,61.68,100,0,14.12,Set 1
23,84.0,-59.0,upernavik,gl,6.15,98,36,20.38,Set 1
24,-73.0,-93.0,punta arenas,cl,48.2,70,75,36.91,Set 1
25,48.0,-90.0,thunder bay,ca,26.6,63,75,11.41,Set 1
26,-49.0,128.0,port lincoln,au,64.2,93,56,15.57,Set 1
27,53.0,80.0,blagoveshchenka,ru,12.63,79,8,6.4,Set 1
28,15.0,-119.0,cabo san lucas,mx,80.6,41,20,6.93,Set 1
29,-57.0,-150.0,mataura,pf,60.24,70,48,12.1,Set 1
30,7.0,-178.0,vaitupu,wf,,,,,Set 1
31,-19.0,119.0,port hedland,au,84.2,62,48,10.29,Set 1
32,30.0,-90.0,chalmette,us,78.8,74,90,10.29,Set 1
33,-58.0,26.0,kruisfontein,za,65.91,90,0,4.94,Set 1
34,51.0,-28.0,lagoa,pt,59,58,40,14.99,Set 1
35,19.0,106.0,vinh,vn,70.95,96,0,0.92,Set 1
36,-29.0,40.0,beloha,mg,78.51,66,36,16.46,Set 1
37,12.0,-39.0,sao filipe,cv,71.85,90,56,19.26,Set 1
38,-64.0,-173.0,vaini,to,69.33,88,0,2.37,Set 1
39,41.0,47.0,aran,az,44.6,80,75,10.29,Set 1
40,33.0,158.0,sentyabrskiy,ru,,,,,Set 1
41,89.0,-34.0,illoqqortoormiut,gl,,,,,Set 1
42,-7.0,92.0,padang,id,81.03,100,48,3.15,Set 1
43,-14.0,158.0,honiara,sb,73.4,94,40,2.24,Set 1
44,47.0,-158.0,kodiak,us,39.2,86,90,6.93,Set 1
45,-44.0,39.0,umzimvubu,za,,,,,Set 1
46,76.0,22.0,hammerfest,no,26.6,100,90,14.99,Set 1
47,3.0,-60.0,bonfim,br,87.8,38,40,4.7,Set 1
48,46.0,-85.0,sault sainte marie,ca,37.4,44,1,10.29,Set 1
49,-23.0,178.0,isangel,vu,79.68,100,80,11.21,Set 1
50,72.0,148.0,chokurdakh,ru,-34.36,0,0,7.18,Set 2
51,-8.0,-66.0,pauini,br,89.76,66,56,6.96,Set 2
52,-8.0,128.0,atambua,id,78.33,100,8,2.04,Set 2
53,75.0,106.0,khatanga,ru,-15.19,45,68,16.58,Set 2
54,8.0,59.0,bandarbeyla,so,78.6,100,0,9.19,Set 2
55,-62.0,-26.0,chuy,uy,79.68,100,48,21.16,Set 2
56,19.0,-97.0,chocaman,mx,72.75,55,24,0.69,Set 2
57,-37.0,-31.0,arraial do cabo,br,87.8,58,20,16.11,Set 2
58,-42.0,-38.0,cidreira,br,85.53,82,12,6.4,Set 2
59,60.0,162.0,ossora,ru,3.81,89,20,17.25,Set 2
60,8.0,73.0,dhidhdhoo,mv,84.36,100,0,6.17,Set 2
61,55.0,-37.0,nanortalik,gl,34.23,91,44,39.28,Set 2
62,82.0,-67.0,narsaq,gl,46.4,36,76,43.62,Set 2
63,46.0,-82.0,little current,ca,33.8,43,1,8.05,Set 2
64,35.0,-38.0,ribeira grande,pt,64.4,88,75,14.99,Set 2
65,37.0,-103.0,lamar,us,62.6,23,1,3.36,Set 2
66,62.0,-167.0,nome,us,82.4,61,75,3.36,Set 2
67,39.0,-137.0,fortuna,us,60.8,41,20,9.17,Set 2
68,-31.0,18.0,vredendal,za,64.74,64,0,4.61,Set 2
69,85.0,111.0,saskylakh,ru,-29.5,0,0,14.56,Set 2
70,41.0,-8.0,castro daire,pt,53.6,71,40,6.93,Set 2
71,3.0,134.0,manokwari,id,79.95,100,20,8.19,Set 2
72,24.0,74.0,salumbar,in,76.44,31,48,2.93,Set 2
73,76.0,174.0,komsomolskiy,ru,-10.78,71,32,13,Set 2
74,-21.0,-34.0,caravelas,br,82.38,100,0,10.98,Set 2
75,-13.0,75.0,hithadhoo,mv,85.53,98,80,9.31,Set 2
76,17.0,-80.0,lucea,jm,84.2,70,20,19.46,Set 2
77,86.0,-98.0,yellowknife,ca,17.6,67,20,12.75,Set 2
78,-41.0,126.0,esperance,au,87.8,43,20,16.11,Set 2
79,-29.0,-46.0,imbituba,br,86,70,20,17.22,Set 2
80,-16.0,-56.0,santo antonio do leverger,br,87.8,58,75,6.93,Set 2
81,9.0,4.0,kishi,ng,88.68,44,0,4.27,Set 2
82,63.0,-6.0,klaksvik,fo,39.2,69,12,9.17,Set 2
83,-12.0,56.0,sambava,mg,81.66,99,20,26.98,Set 2
84,-50.0,29.0,port elizabeth,za,50,36,1,11.41,Set 2
85,-75.0,61.0,taolanaro,mg,,,,,Set 2
86,33.0,-7.0,casablanca,ma,64.4,82,40,9.17,Set 2
87,33.0,-27.0,ponta delgada,pt,62.6,93,40,14.99,Set 2
88,-53.0,-37.0,rocha,uy,72.48,100,88,12.88,Set 2
89,19.0,-146.0,hilo,us,71.6,73,90,3.36,Set 2
90,47.0,170.0,nikolskoye,ru,32,91,40,8.95,Set 2
91,-23.0,-160.0,avarua,ck,78.8,83,40,4.7,Set 2
92,-15.0,-99.0,puerto ayora,ec,86,66,20,12.75,Set 2
93,-17.0,23.0,senanga,zm,73.11,84,88,2.71,Set 2
94,9.0,147.0,lorengau,pg,81.12,100,36,7.18,Set 2
95,-29.0,69.0,bambous virieux,mu,80.6,94,40,12.75,Set 2
96,57.0,134.0,chumikan,ru,4.26,44,8,5.73,Set 2
97,34.0,104.0,linxia,cn,30,92,68,2.71,Set 2
98,18.0,-130.0,san quintin,mx,75.2,83,20,2.24,Set 2
99,-50.0,10.0,hermanus,za,61.41,88,32,2.93,Set 2
100,-8.0,19.0,lucapa,ao,68.61,100,12,6.73,Set 3
101,-28.0,1.0,jamestown,sh,44.76,85,0,3.15,Set 3
102,-49.0,115.0,albany,au,28.4,25,20,14.99,Set 3
103,68.0,-160.0,barrow,us,59.43,97,92,11.54,Set 3
104,70.0,-171.0,lavrentiya,ru,15.6,90,88,5.73,Set 3
105,58.0,-7.0,stornoway,gb,,,,,Set 3
106,54.0,-113.0,lamont,ca,26.6,73,90,6.93,Set 3
107,13.0,-74.0,santa marta,co,91.4,55,20,9.17,Set 3
108,-60.0,156.0,tuatapere,nz,65.46,76,92,21.72,Set 3
109,65.0,14.0,trofors,no,35.6,89,90,14.99,Set 3
110,-16.0,15.0,ondjiva,ao,67.62,95,80,3.04,Set 3
111,20.0,-123.0,guerrero negro,mx,63.48,64,0,12.55,Set 3
112,26.0,-11.0,puerto del rosario,es,69.8,64,40,17.22,Set 3
113,74.0,32.0,vardo,no,53.6,25,1,9.17,Set 3
114,56.0,-4.0,cumbernauld,gb,35.6,64,75,12.75,Set 3
115,13.0,11.0,gashua,ng,86.79,17,0,5.95,Set 3
116,16.0,53.0,salalah,om,78.8,69,20,3.36,Set 3
117,-26.0,112.0,carnarvon,au,65.73,11,0,6.73,Set 3
118,20.0,-75.0,guantanamo,cu,84.2,70,75,13.87,Set 3
119,45.0,-22.0,rabo de peixe,pt,62.6,93,40,14.99,Set 3
120,53.0,-126.0,burns lake,ca,32.79,79,0,2.82,Set 3
121,9.0,15.0,pala,td,75.2,100,90,2.37,Set 3
122,59.0,79.0,kedrovyy,ru,21.2,85,0,3.15,Set 3
123,-2.0,-156.0,faanui,pf,82.2,100,56,15.79,Set 3
124,-6.0,40.0,sokoni,tz,70.95,69,24,5.84,Set 3
125,57.0,121.0,khani,ru,62.6,48,75,9.17,Set 3
126,20.0,70.0,veraval,in,33.8,99,75,10.29,Set 3
127,72.0,-178.0,mys shmidta,ru,,,,,Set 3
128,10.0,0.0,yendi,gh,91.47,51,36,2.93,Set 3
129,71.0,92.0,talnakh,ru,7.86,80,80,13.67,Set 3
130,-20.0,-51.0,aparecida do taboado,br,93.45,54,8,3.94,Set 3
131,52.0,-82.0,attawapiskat,ca,,,,,Set 3
132,86.0,177.0,leningradskiy,ru,-12.67,80,64,4.94,Set 3
133,70.0,30.0,vadso,no,19.4,73,40,16.11,Set 3
134,82.0,168.0,pevek,ru,-23.65,70,20,7.63,Set 3
135,48.0,101.0,moron,mn,93.2,38,40,3.36,Set 3
136,70.0,-121.0,norman wells,ca,12.2,92,90,5.82,Set 3
137,73.0,67.0,sovetskiy,ru,-0.25,64,20,8.41,Set 3
138,26.0,-152.0,kahului,us,75.2,83,40,4.7,Set 3
139,3.0,44.0,wanlaweyn,so,84.63,57,0,16.58,Set 3
140,29.0,154.0,hasaki,jp,50,81,75,2.24,Set 3
141,-67.0,-16.0,cape town,za,66.2,88,20,19.46,Set 3
142,9.0,126.0,san miguel,ph,69.8,60,90,20.8,Set 3
143,35.0,76.0,kargil,in,-0.07,80,32,1.59,Set 3
144,15.0,-91.0,chinique,gt,79.5,27,8,2.59,Set 3
145,7.0,-67.0,puerto carreno,co,98.6,37,40,6.93,Set 3
146,-24.0,157.0,hervey bay,au,76.08,100,76,4.38,Set 3
147,-1.0,-164.0,samusu,ws,,,,,Set 3
148,57.0,-30.0,olafsvik,is,,,,,Set 3
149,3.0,73.0,kudahuvadhoo,mv,85.35,97,0,11.32,Set 3
150,49.0,-21.0,dingle,ie,76.17,93,48,10.98,Set 4
151,-83.0,16.0,bredasdorp,za,69.8,83,68,3.36,Set 4
152,-38.0,-59.0,necochea,ar,58.35,100,92,18.03,Set 4
153,20.0,118.0,davila,ph,75.2,83,20,2.24,Set 4
154,58.0,-108.0,meadow lake,ca,19.4,73,90,9.17,Set 4
155,19.0,158.0,butaritari,ki,80.22,100,56,6.96,Set 4
156,31.0,57.0,ravar,ir,40.26,65,56,3.49,Set 4
157,-25.0,141.0,mount isa,au,71.6,78,0,7.29,Set 4
158,44.0,82.0,yining,cn,46.65,100,92,2.93,Set 4
159,85.0,9.0,barentsburg,sj,,,,,Set 4
160,3.0,141.0,vanimo,pg,81.84,100,56,12.77,Set 4
161,-57.0,145.0,hobart,au,64.4,55,40,28.86,Set 4
162,28.0,-73.0,cockburn town,bs,76.08,100,64,2.59,Set 4
163,33.0,-58.0,saint george,bm,60.8,44,20,11.41,Set 4
164,2.0,118.0,tarakan,id,81.48,98,12,4.27,Set 4
165,4.0,35.0,kaabong,ug,66.36,85,44,2.04,Set 4
166,80.0,26.0,honningsvag,no,26.6,92,90,11.41,Set 4
167,25.0,50.0,umm bab,qa,64.38,44,0,7.52,Set 4
168,53.0,-96.0,gimli,ca,30,100,76,7.18,Set 4
169,6.0,-46.0,saint-georges,gf,15.15,47,36,8.97,Set 4
170,-4.0,-22.0,georgetown,sh,87.8,52,75,9.17,Set 4
171,-12.0,141.0,morehead,pg,55.4,50,1,3.36,Set 4
172,18.0,103.0,nong khai,th,73.47,95,8,5.17,Set 4
173,45.0,-61.0,port hawkesbury,ca,21.2,67,90,17.22,Set 4
174,-12.0,-56.0,alta floresta,br,85.17,71,64,2.93,Set 4
175,15.0,-104.0,lazaro cardenas,mx,71.6,24,20,17.22,Set 4
176,-28.0,-24.0,vila velha,br,87.8,62,20,13.87,Set 4
177,33.0,-73.0,havelock,us,60.8,41,1,12.75,Set 4
178,-27.0,-98.0,pisco,pe,80.6,57,0,23.04,Set 4
179,-5.0,41.0,micheweni,tz,83.19,97,0,10.42,Set 4
180,37.0,72.0,eskasem,af,,,,,Set 4
181,62.0,99.0,tura,ru,58.89,68,0,2.37,Set 4
182,36.0,-18.0,camacha,pt,66.2,72,20,12.75,Set 4
183,54.0,-105.0,prince albert,ca,15.8,66,90,12.75,Set 4
184,41.0,-172.0,bethel,us,28.4,92,90,8.05,Set 4
185,1.0,13.0,makokou,ga,76.98,88,68,2.15,Set 4
186,44.0,77.0,boralday,kz,37.4,74,75,2.24,Set 4
187,66.0,43.0,kamenka,ru,-3.22,62,0,7.63,Set 4
188,42.0,-59.0,louisbourg,ca,,,,,Set 4
189,32.0,-114.0,fortuna foothills,us,62.6,29,1,9.17,Set 4
190,-17.0,14.0,opuwo,na,70.95,75,92,4.38,Set 4
191,38.0,-94.0,clinton,us,51.8,34,1,4.7,Set 4
192,65.0,54.0,izhma,ru,-7.72,61,12,3.94,Set 4
193,-28.0,18.0,karasburg,na,83.82,20,0,13.78,Set 4
194,-15.0,176.0,asau,tv,,,,,Set 4
195,74.0,-92.0,thompson,ca,8.6,39,75,8.05,Set 4
196,40.0,-24.0,vila franca do campo,pt,62.6,93,40,14.99,Set 4
197,-37.0,-67.0,general roca,ar,68,30,0,18.34,Set 4
198,49.0,51.0,inderborskiy,kz,,,,,Set 4
199,-48.0,-89.0,castro,cl,55.74,90,92,6.17,Set 4
200,71.0,128.0,tiksi,ru,-41.92,0,0,3.27,Set 5
201,3.0,-18.0,bonthe,sl,84.09,72,44,6.4,Set 5
202,39.0,-55.0,saint-pierre,pm,30.2,80,90,11.41,Set 5
203,30.0,167.0,severo-kurilsk,ru,23.61,100,80,9.19,Set 5
204,69.0,55.0,iskateley,ru,-12.4,39,64,5.39,Set 5
205,-16.0,61.0,grand gaube,mu,80.6,94,40,12.75,Set 5
206,-20.0,150.0,mackay,au,33.8,78,75,6.93,Set 5
207,13.0,-3.0,tougan,bf,96.96,22,8,4.38,Set 5
208,70.0,15.0,myre,no,39.2,55,75,9.17,Set 5
209,67.0,16.0,straumen,no,37.4,94,90,25.28,Set 5
210,23.0,-54.0,codrington,ag,61.41,96,8,2.26,Set 5
211,-5.0,-118.0,atuona,pf,81.75,100,68,18.03,Set 5
212,47.0,-102.0,dickinson,us,28.4,100,90,10.29,Set 5
213,-30.0,154.0,coffs harbour,au,71.6,88,0,8.05,Set 5
214,34.0,127.0,fukue,jp,51.8,81,75,4.7,Set 5
215,-33.0,-97.0,lebu,cl,60.8,77,75,6.93,Set 5
216,8.0,-7.0,seguela,ci,85.26,68,80,2.59,Set 5
217,57.0,22.0,kuldiga,lv,32,68,0,13.87,Set 5
218,-32.0,37.0,richards bay,za,72.48,72,24,8.63,Set 5
219,-4.0,150.0,kimbe,pg,74.01,100,92,8.63,Set 5
220,85.0,22.0,longyearbyen,sj,14,66,75,32.21,Set 5
221,-28.0,59.0,saint-philippe,re,19.4,40,1,12.75,Set 5
222,11.0,140.0,airai,pw,68.97,92,20,1.59,Set 5
223,-17.0,142.0,mareeba,au,77,88,20,9.17,Set 5
224,86.0,41.0,tumannyy,ru,,,,,Set 5
225,48.0,94.0,erzin,ru,62.6,82,0,5.82,Set 5
226,-30.0,161.0,byron bay,au,71.6,94,40,4.72,Set 5
227,38.0,110.0,yanan,cn,,,,,Set 5
228,23.0,-23.0,ponta do sol,cv,81.48,82,44,4.5,Set 5
229,62.0,-61.0,pangnirtung,ca,10.4,60,75,11.41,Set 5
230,-32.0,167.0,ahipara,nz,65.28,97,8,14.12,Set 5
231,68.0,119.0,zhigansk,ru,-25.18,39,0,4.94,Set 5
232,24.0,79.0,banda,in,65.91,34,0,2.93,Set 5
233,31.0,-11.0,agadir,ma,66.2,68,0,16.11,Set 5
234,60.0,9.0,rjukan,no,23,73,0,1.12,Set 5
235,3.0,79.0,galle,lk,75.2,73,75,5.82,Set 5
236,17.0,-17.0,saint-louis,sn,33.8,92,90,6.93,Set 5
237,-25.0,41.0,toliary,mg,,,,,Set 5
238,13.0,-98.0,puerto escondido,mx,80.58,100,0,13.44,Set 5
239,-12.0,13.0,lobito,ao,71.4,94,92,2.15,Set 5
240,-6.0,100.0,bengkulu,id,,,,,Set 5
241,29.0,114.0,puqi,cn,47.19,100,92,10.2,Set 5
242,-21.0,133.0,alice springs,au,71.6,56,44,8.05,Set 5
243,-14.0,145.0,cairns,au,77,88,20,9.17,Set 5
244,-20.0,-72.0,iquique,cl,73.4,56,0,13.87,Set 5
245,58.0,-66.0,iqaluit,ca,17.6,72,75,6.29,Set 5
246,-3.0,-52.0,altamira,br,89.6,59,40,4.7,Set 5
247,-88.0,128.0,new norfolk,au,64.4,55,40,28.86,Set 5
248,57.0,-105.0,la ronge,ca,14,61,90,9.17,Set 5
249,51.0,-115.0,canmore,ca,28.4,79,90,17.22,Set 5
250,-22.0,39.0,inhambane,mz,77.97,93,88,14.34,Set 6
251,-50.0,79.0,mahebourg,mu,80.6,94,40,12.75,Set 6
252,-12.0,124.0,kupang,id,80.13,97,44,5.95,Set 6
253,82.0,134.0,nizhneyansk,ru,,,,,Set 6
254,51.0,39.0,ostrogozhsk,ru,6.87,78,68,10.2,Set 6
255,30.0,120.0,fuyang,cn,45.3,97,92,10.65,Set 6
256,19.0,87.0,paradwip,in,,,,,Set 6
257,-58.0,172.0,kaitangata,nz,60.06,66,92,12.77,Set 6
258,45.0,-62.0,antigonish,ca,21.2,67,90,17.22,Set 6
259,42.0,-89.0,rochelle,us,51.8,43,1,4.7,Set 6
260,-37.0,46.0,tsihombe,mg,,,,,Set 6
261,-13.0,116.0,praya,id,81.21,100,92,0.81,Set 6
262,18.0,157.0,kavieng,pg,81.75,100,68,14.45,Set 6
263,-21.0,-52.0,tres lagoas,br,,,,,Set 6
264,-22.0,80.0,grand river south east,mu,,,,,Set 6
265,-23.0,-63.0,doctor pedro p. pena,py,,,,,Set 6
266,10.0,-81.0,palmas bellas,pa,89.6,62,40,16.11,Set 6
267,41.0,96.0,yumen,cn,40.26,72,48,6.73,Set 6
268,33.0,4.0,warqla,dz,,,,,Set 6
269,12.0,107.0,dong xoai,vn,72.3,91,36,5.61,Set 6
270,50.0,-47.0,torbay,ca,30.2,92,90,33.33,Set 6
271,30.0,96.0,pasighat,in,51.33,93,32,1.7,Set 6
272,66.0,118.0,nyurba,ru,-15.55,46,0,2.71,Set 6
273,80.0,161.0,cherskiy,ru,-11.95,39,24,9.42,Set 6
274,-9.0,46.0,mutsamudu,km,,,,,Set 6
275,53.0,-177.0,provideniya,ru,23.16,91,44,12.44,Set 6
276,23.0,102.0,simao,cn,51.51,90,0,1.92,Set 6
277,-47.0,-9.0,saldanha,za,46.29,62,64,10.2,Set 6
278,16.0,36.0,wagar,sd,66.54,96,88,3.6,Set 6
279,15.0,7.0,dakoro,ne,88.77,24,0,4.94,Set 6
280,42.0,33.0,safranbolu,tr,57.99,58,0,3.38,Set 6
281,12.0,33.0,marabba,sd,76.26,16,0,8.97,Set 6
282,-6.0,-73.0,requena,pe,60.8,25,40,9.17,Set 6
283,49.0,-73.0,normandin,ca,10.4,46,20,9.17,Set 6
284,43.0,73.0,merke,kz,27.21,67,0,3.49,Set 6
285,-30.0,55.0,saint-joseph,re,51.8,81,0,3.36,Set 6
286,20.0,36.0,sinkat,sd,,,,,Set 6
287,-20.0,-153.0,moerai,pf,77.97,100,32,15.57,Set 6
288,-23.0,11.0,henties bay,na,65.73,90,0,3.94,Set 6
289,78.0,43.0,ostrovnoy,ru,13.53,89,32,13.44,Set 6
290,0.0,24.0,yangambi,cd,75.54,92,36,3.27,Set 6
291,-5.0,-71.0,benjamin constant,br,86,74,40,2.24,Set 6
292,50.0,-96.0,pinawa,ca,35.22,92,64,5.5,Set 6
293,71.0,-78.0,clyde river,ca,-13.01,69,40,18.34,Set 6
294,6.0,32.0,juba,sd,30.2,63,0,14.99,Set 6
295,-5.0,13.0,tshela,cd,81.39,59,32,6.73,Set 6
296,45.0,-114.0,hamilton,us,62.6,93,90,17.22,Set 6
297,50.0,130.0,novobureyskiy,ru,11.73,44,0,14.23,Set 6
298,38.0,140.0,nagai,jp,40.89,86,92,3.83,Set 6
299,48.0,-138.0,sitka,us,50.88,67,92,18.48,Set 6
300,0.0,169.0,tabiauea,ki,,,,,Set 7
301,-2.0,101.0,sungaipenuh,id,68.79,97,80,0.25,Set 7
302,1.0,33.0,kamuli,ug,69.87,98,24,8.75,Set 7
303,26.0,2.0,adrar,dz,78.8,15,0,16.11,Set 7
304,32.0,-1.0,wahran,dz,,,,,Set 7
305,-6.0,132.0,tual,id,84.36,99,92,7.85,Set 7
306,-19.0,-58.0,puerto suarez,bo,95,59,75,5.82,Set 7
307,-15.0,-91.0,chicama,pe,69.8,94,75,6.93,Set 7
308,8.0,-54.0,mana,gf,41,86,90,9.17,Set 7
309,10.0,-22.0,praia,cv,87.8,38,40,4.7,Set 7
310,32.0,-117.0,primo tapia,mx,57.2,58,1,6.93,Set 7
311,4.0,104.0,cukai,my,77,94,68,2.71,Set 7
312,36.0,12.0,tabulbah,tn,,,,,Set 7
313,63.0,154.0,seymchan,ru,-15.28,44,64,9.98,Set 7
314,82.0,69.0,amderma,ru,,,,,Set 7
315,21.0,154.0,katsuura,jp,55.4,100,75,6.93,Set 7
316,18.0,66.0,porbandar,in,74.46,67,0,10.65,Set 7
317,-3.0,-57.0,barreirinha,br,85.53,76,76,2.93,Set 7
318,60.0,130.0,chagda,ru,,,,,Set 7
319,-11.0,16.0,kibala,ao,89.6,40,0,9.17,Set 7
320,-16.0,-35.0,belmonte,br,45.93,78,0,7.96,Set 7
321,-36.0,146.0,corowa,au,46.4,75,0,4.94,Set 7
322,9.0,-19.0,bubaque,gw,91.4,36,32,10.29,Set 7
323,0.0,-60.0,boa vista,br,95,32,40,14.99,Set 7
324,46.0,21.0,varias,ro,30.2,100,90,8.05,Set 7
325,22.0,16.0,marzuq,ly,60.33,48,0,2.93,Set 7
326,-18.0,-148.0,tautira,pf,82.4,65,75,1.12,Set 7
327,-4.0,33.0,isaka,tz,71.58,94,64,4.16,Set 7
328,12.0,-5.0,yorosso,ml,97.23,23,64,7.4,Set 7
329,-33.0,99.0,geraldton,au,15.8,31,75,9.17,Set 7
330,11.0,68.0,kavaratti,in,82.65,100,0,2.26,Set 7
331,16.0,62.0,sur,om,76.17,90,0,2.71,Set 7
332,27.0,59.0,iranshahr,ir,68,56,90,20.8,Set 7
333,-9.0,48.0,ambilobe,mg,73.29,98,92,6.4,Set 7
334,50.0,25.0,brody,ua,17.67,80,92,17.02,Set 7
335,42.0,-72.0,southbridge,us,35.6,15,1,14.99,Set 7
336,66.0,-48.0,nuuk,gl,51.8,40,5,1.12,Set 7
337,20.0,97.0,loikaw,mm,61.77,94,0,1.7,Set 7
338,76.0,29.0,mehamn,no,26.6,92,90,11.41,Set 7
339,15.0,71.0,malwan,in,,,,,Set 7
340,-11.0,-26.0,olinda,br,84.2,70,75,5.82,Set 7
341,-20.0,4.0,namibe,ao,77.43,100,64,9.19,Set 7
342,18.0,-49.0,bathsheba,bb,84.2,62,20,14.99,Set 7
343,-10.0,-68.0,rio branco,br,86,62,44,8.05,Set 7
344,39.0,-12.0,colares,pt,57.2,71,20,6.93,Set 7
345,-2.0,107.0,manggar,id,75.45,100,8,2.59,Set 7
346,49.0,-108.0,shaunavon,ca,31.35,99,88,3.27,Set 7
347,64.0,-150.0,college,us,24.8,85,90,3.94,Set 7
348,-24.0,-71.0,antofagasta,cl,68,64,20,17.22,Set 7
349,48.0,3.0,amilly,fr,32.25,96,92,7.52,Set 7
350,13.0,-8.0,kati,ml,95,11,0,6.93,Set 8
351,63.0,44.0,rochegda,ru,11.01,71,88,10.42,Set 8
352,10.0,-63.0,maturin,ve,91.4,41,75,8.63,Set 8
353,62.0,27.0,mikkeli,fi,32,79,90,13.87,Set 8
354,0.0,-58.0,urucara,br,83.46,81,36,2.26,Set 8
355,51.0,51.0,zachagansk,kz,,,,,Set 8
356,29.0,-93.0,lake charles,us,80.6,69,75,8.05,Set 8
357,53.0,83.0,topchikha,ru,5.88,57,0,2.82,Set 8
358,-40.0,-81.0,ancud,cl,57.81,83,64,5.95,Set 8
359,7.0,-96.0,champerico,gt,91.4,36,20,13.87,Set 8
360,-48.0,138.0,portland,au,48.2,81,75,5.82,Set 8
361,10.0,33.0,malakal,sd,,,,,Set 8
362,11.0,133.0,meyungs,pw,,,,,Set 8
363,62.0,-12.0,hofn,is,41.25,95,12,11.77,Set 8
364,60.0,-50.0,paamiut,gl,33.42,92,12,2.82,Set 8
365,43.0,148.0,kurilsk,ru,32.7,88,48,12.21,Set 8
366,24.0,47.0,riyadh,sa,71.6,17,5,6.93,Set 8
367,16.0,124.0,dicabisagan,ph,74.01,100,68,3.6,Set 8
368,88.0,-129.0,tuktoyaktuk,ca,-11.21,83,90,9.17,Set 8
369,39.0,-86.0,seymour,us,69.06,74,80,11.43,Set 8
370,-41.0,-61.0,viedma,ar,70.41,38,0,13.89,Set 8
371,-3.0,178.0,rungata,ki,,,,,Set 8
372,24.0,-63.0,the valley,ai,82.4,58,20,11.41,Set 8
373,-14.0,-172.0,pata,ws,30.2,53,90,18.34,Set 8
374,36.0,129.0,seoul,kr,46.4,81,90,5.82,Set 8
375,48.0,109.0,darhan,mn,18.21,65,0,2.93,Set 8
376,10.0,-55.0,marienburg,sr,30.2,36,0,16.11,Set 8
377,59.0,-133.0,juneau,us,35.6,93,75,2.37,Set 8
378,34.0,-81.0,forest acres,us,73.4,45,75,5.82,Set 8
379,-26.0,-79.0,taltal,cl,71.31,60,0,4.72,Set 8
380,60.0,-117.0,high level,ca,23,62,20,11.41,Set 8
381,53.0,-95.0,lac du bonnet,ca,35.22,92,64,5.5,Set 8
382,52.0,28.0,lyuban,by,11.01,72,12,7.63,Set 8
383,68.0,79.0,tazovskiy,ru,0.48,73,36,18.92,Set 8
384,-13.0,115.0,denpasar,id,69.15,100,48,0.58,Set 8
385,58.0,48.0,tuzha,ru,43.86,99,92,2.71,Set 8
386,47.0,-79.0,temiscaming,ca,26.6,27,40,11.41,Set 8
387,55.0,34.0,vyazma,ru,14.61,82,0,10.31,Set 8
388,31.0,77.0,sabathu,in,49.8,72,0,2.37,Set 8
389,74.0,-144.0,fairbanks,us,24.8,85,90,3.94,Set 8
390,6.0,40.0,goba,et,55.56,82,68,2.48,Set 8
391,9.0,-14.0,conakry,gn,79.59,100,8,10.09,Set 8
392,43.0,74.0,shu,kz,41.43,57,92,5.17,Set 8
393,61.0,19.0,norrtalje,se,32,65,0,11.41,Set 8
394,-32.0,130.0,flinders,au,60.8,93,40,3.36,Set 8
395,54.0,129.0,zeya,ru,3.09,45,0,8.41,Set 8
396,28.0,53.0,jahrom,ir,,,,,Set 8
397,7.0,14.0,ngaoundere,cm,76.71,23,0,8.19,Set 8
398,33.0,-125.0,pacific grove,us,55.4,76,1,2.71,Set 8
399,-3.0,83.0,matara,lk,53.6,66,75,5.82,Set 8
400,38.0,-4.0,andujar,es,49.44,81,92,8.63,Set 9
401,66.0,-16.0,husavik,is,30,100,76,7.18,Set 9
402,-46.0,179.0,waipawa,nz,55.56,88,44,5.61,Set 9
403,21.0,41.0,mecca,sa,87.8,40,0,3.15,Set 9
404,47.0,135.0,vyazemskiy,ru,14.7,49,32,11.77,Set 9
405,32.0,114.0,xinyang,cn,42.06,97,56,9.42,Set 9
406,-9.0,119.0,bima,id,72.21,100,48,2.26,Set 9
407,75.0,30.0,berlevag,no,19.4,79,20,11.41,Set 9
408,-23.0,18.0,rehoboth,na,68.79,70,48,2.93,Set 9
409,53.0,14.0,angermunde,de,30.2,28,0,12.75,Set 9
410,55.0,48.0,yalchiki,ru,,,,,Set 9
411,47.0,90.0,altay,cn,19.92,82,56,2.71,Set 9
412,10.0,42.0,dire dawa,et,59.43,83,0,2.15,Set 9
413,45.0,124.0,qianan,cn,25.68,59,0,10.65,Set 9
414,78.0,-43.0,ilulissat,gl,28.4,68,20,4.7,Set 9
415,-13.0,147.0,port moresby,pg,73.4,100,90,6.93,Set 9
416,-9.0,36.0,malinyi,tz,73.65,93,12,2.26,Set 9
417,-9.0,131.0,nguiu,au,,,,,Set 9
418,-72.0,54.0,east london,za,68,77,0,9.17,Set 9
419,52.0,146.0,katangli,ru,12.81,96,76,16.24,Set 9
420,42.0,77.0,kyzyl-suu,kg,29.55,100,0,0.92,Set 9
421,4.0,-14.0,mattru,sl,85.98,64,20,6.4,Set 9
422,62.0,24.0,kangasala,fi,32,76,40,16.11,Set 9
423,10.0,-4.0,gaoua,bf,89.58,45,12,6.17,Set 9
424,15.0,-44.0,cayenne,gf,77,94,92,10.29,Set 9
425,9.0,35.0,dembi dolo,et,69.42,71,8,1.59,Set 9
426,46.0,133.0,lazo,ru,20.91,88,92,11.65,Set 9
427,33.0,-81.0,orangeburg,us,77,22,75,5.61,Set 9
428,21.0,-69.0,samana,do,89.6,59,40,3.36,Set 9
429,55.0,5.0,harlingen,nl,87.8,58,40,8.05,Set 9
430,-33.0,4.0,luderitz,na,64.4,82,12,18.34,Set 9
431,-18.0,122.0,broome,au,33.8,64,75,17.22,Set 9
432,-2.0,-68.0,tonantins,br,88.41,71,32,6.96,Set 9
433,-35.0,-70.0,rengo,cl,68,56,0,13.87,Set 9
434,50.0,-6.0,penzance,gb,30.2,92,75,20.8,Set 9
435,-45.0,-53.0,mar del plata,ar,68.97,37,0,25.52,Set 9
436,30.0,119.0,tunxi,cn,,,,,Set 9
437,27.0,-25.0,los llanos de aridane,es,68,77,20,17.22,Set 9
438,-22.0,-43.0,sapucaia,br,80.13,76,32,4.16,Set 9
439,-20.0,-38.0,linhares,br,84.99,70,12,6.62,Set 9
440,65.0,40.0,severodvinsk,ru,19.4,100,90,8.95,Set 9
441,57.0,24.0,riga,lv,32,79,0,8.05,Set 9
442,-10.0,43.0,mitsamiouli,km,82.4,83,40,4.7,Set 9
443,33.0,62.0,kusk,af,,,,,Set 9
444,56.0,-68.0,sept-iles,ca,28.4,36,75,8.05,Set 9
445,53.0,87.0,kaz,ru,11.19,69,0,2.37,Set 9
446,-8.0,-89.0,san cristobal,ec,68,45,40,12.75,Set 9
447,60.0,54.0,gayny,ru,-3.31,62,32,5.95,Set 9
448,67.0,128.0,batagay-alyta,ru,-30.58,0,8,2.93,Set 9
449,25.0,21.0,jalu,ly,71.85,24,0,10.54,Set 9
450,7.0,119.0,cagayan de tawi-tawi,ph,,,,,Set 10
451,-7.0,140.0,merauke,id,74.64,100,92,4.83,Set 10
452,10.0,27.0,uwayl,sd,,,,,Set 10
453,22.0,7.0,arlit,ne,85.8,14,0,7.29,Set 10
454,25.0,66.0,uthal,pk,60.78,85,0,3.71,Set 10
455,-38.0,176.0,mamaku,nz,51.69,80,0,6.17,Set 10
456,-34.0,116.0,collie,au,54.48,94,0,8.19,Set 10
457,0.0,-70.0,mitu,co,30.81,75,0,2.37,Set 10
458,-19.0,25.0,pandamatenga,bw,73.65,61,68,4.94,Set 10
459,63.0,114.0,mirnyy,ru,15.42,80,0,13.44,Set 10
460,-22.0,30.0,beitbridge,zw,75.18,61,0,10.76,Set 10
461,57.0,53.0,yakshur-bodya,ru,,,,,Set 10
462,14.0,-63.0,chateaubelair,vc,84.2,62,20,17.22,Set 10
463,42.0,-131.0,coos bay,us,46.4,81,1,8.05,Set 10
464,-19.0,147.0,townsville,au,77,88,80,4.7,Set 10
465,2.0,-83.0,muisne,ec,82.29,84,32,5.17,Set 10
466,12.0,-72.0,uribia,co,93,40,0,18.25,Set 10
467,17.0,76.0,indi,in,76.26,70,92,6.73,Set 10
468,-22.0,-172.0,pangai,to,77,88,20,10.65,Set 10
469,-24.0,48.0,vangaindrano,mg,69.51,100,92,5.73,Set 10
470,45.0,-135.0,port hardy,ca,42.8,87,75,2.24,Set 10
471,46.0,80.0,sarkand,kz,21.99,68,0,2.37,Set 10
472,16.0,94.0,labutta,mm,,,,,Set 10
473,57.0,71.0,vikulovo,ru,5.16,76,0,9.31,Set 10
474,-19.0,23.0,nokaneng,bw,75.54,63,44,5.61,Set 10
475,-4.0,-37.0,aracati,br,88.41,65,12,10.65,Set 10
476,-6.0,14.0,matadi,cd,86.88,51,56,10.09,Set 10
477,4.0,88.0,kalmunai,lk,75.09,95,76,4.16,Set 10
478,54.0,32.0,khislavichi,ru,6.33,56,0,5.73,Set 10
479,-10.0,19.0,saurimo,ao,75.81,73,56,4.27,Set 10
480,57.0,0.0,boddam,gb,35.6,64,75,9.17,Set 10
481,60.0,92.0,teya,ru,93.54,41,0,6.51,Set 10
482,11.0,43.0,jibuti,dj,,,,,Set 10
483,20.0,125.0,basco,ph,46.4,70,90,4.7,Set 10
484,-4.0,20.0,mangai,cd,76.53,92,56,2.37,Set 10
485,-9.0,162.0,auki,sb,86.79,39,32,2.59,Set 10
486,5.0,0.0,accra,gh,84.2,74,20,17.22,Set 10
487,20.0,145.0,tateyama,jp,39.18,90,92,1.14,Set 10
488,38.0,-87.0,owensboro,us,53.6,87,90,6.06,Set 10
489,20.0,-81.0,west bay,ky,32,92,75,13.87,Set 10
490,11.0,27.0,babanusah,sd,,,,,Set 10
491,67.0,12.0,sorland,no,30.2,80,75,28.86,Set 10
492,4.0,-118.0,san patricio,mx,97.05,45,0,10.76,Set 10
493,39.0,2.0,santa eulalia del rio,es,,,,,Set 10
494,31.0,-119.0,rosarito,mx,82.4,72,75,5.82,Set 10
495,61.0,64.0,zelenoborsk,ru,10.11,73,80,5.39,Set 10
496,19.0,40.0,tawkar,sd,,,,,Set 10
497,15.0,-80.0,san andres,co,79.77,100,0,13.22,Set 10
498,64.0,78.0,tarko-sale,ru,5.34,76,80,3.04,Set 10
499,35.0,-128.0,half moon bay,us,51.8,76,1,8.05,Set 10
500,12.0,105.0,kampong chhnang,kh,74.19,93,56,3.04,Set 11
501,66.0,53.0,shchelyayur,ru,,,,,Set 11
502,9.0,-66.0,zaraza,ve,96.15,32,0,13.89,Set 11
503,20.0,69.0,mangrol,in,65.37,36,0,6.17,Set 11
504,45.0,-108.0,powell,us,51.8,23,5,5.82,Set 11
505,54.0,45.0,zykovo,ru,4.71,60,0,10.42,Set 11
506,25.0,-95.0,matamoros,mx,86,58,40,8.05,Set 11
507,-13.0,-69.0,tambopata,pe,,,,,Set 11
508,-12.0,144.0,daru,pg,86.61,62,24,6.96,Set 11
509,-25.0,-51.0,prudentopolis,br,85.89,68,0,4.61,Set 11
510,70.0,156.0,srednekolymsk,ru,-19.87,29,44,5.95,Set 11
511,13.0,-17.0,gunjur,gm,86,45,44,14.99,Set 11
512,47.0,-71.0,beaupre,ca,17.6,43,20,19.46,Set 11
513,63.0,149.0,burkhala,ru,,,,,Set 11
514,-12.0,112.0,kanigoro,id,79.32,100,80,3.6,Set 11
515,62.0,88.0,turukhansk,ru,12.18,74,36,16.24,Set 11
516,15.0,100.0,doembang nangbuat,th,79.68,74,0,9.75,Set 11
517,-5.0,-169.0,saleaula,ws,,,,,Set 11
518,51.0,-94.0,kenora,ca,35.6,62,90,3.6,Set 11
519,53.0,69.0,krasnoarmeysk,kz,17.6,57,0,8.95,Set 11
520,63.0,85.0,krasnoselkup,ru,,,,,Set 11
521,2.0,-33.0,touros,br,86.79,69,0,13.89,Set 11
522,68.0,76.0,novyy urengoy,ru,1.83,69,24,15.9,Set 11
523,-11.0,-43.0,utinga,br,87.8,58,20,14.99,Set 11
524,59.0,152.0,ola,ru,3.2,45,68,8.95,Set 11
525,-16.0,115.0,karratha,au,81.39,46,0,7.07,Set 11
526,53.0,100.0,orlik,ru,8.76,69,0,1.92,Set 11
527,9.0,109.0,phan thiet,vn,77.07,97,0,11.43,Set 11
528,-38.0,156.0,ulladulla,au,60.8,93,40,3.36,Set 11
529,6.0,121.0,timbangan,ph,,,,,Set 11
530,28.0,119.0,quzhou,cn,59.79,99,92,2.48,Set 11
531,-7.0,6.0,mayumba,ga,81.93,94,56,11.99,Set 11
532,-32.0,13.0,oranjemund,na,62.76,92,76,14.79,Set 11
533,28.0,59.0,bam,ir,51.78,54,64,4.38,Set 11
534,20.0,140.0,naze,jp,86,70,75,5.82,Set 11
535,66.0,-56.0,sisimiut,gl,18.66,90,0,1.59,Set 11
536,37.0,107.0,pingliang,cn,40.98,94,92,5.28,Set 11
537,43.0,56.0,beyneu,kz,37.92,80,0,7.07,Set 11
538,-14.0,-68.0,rurrenabaque,bo,77,100,90,3.04,Set 11
539,-6.0,128.0,ambon,id,39.2,60,0,8.05,Set 11
540,42.0,45.0,akhmeta,ge,51.8,76,0,1.81,Set 11
541,13.0,16.0,massakory,td,83.46,31,0,4.72,Set 11
542,-25.0,174.0,vao,nc,27.93,85,0,14,Set 11
543,-1.0,105.0,simpang,id,78.8,83,75,5.82,Set 11
544,-29.0,118.0,northam,au,30.2,92,75,13.87,Set 11
545,33.0,-3.0,nador,ma,60.8,77,0,14.99,Set 11
546,33.0,-96.0,greenville,us,71.6,33,5,6.73,Set 11
547,-1.0,-64.0,barcelos,br,53.6,66,40,4.7,Set 11
548,-34.0,140.0,murray bridge,au,62.04,95,32,13.11,Set 11
549,39.0,139.0,sakata,jp,45.93,88,92,11.77,Set 11
550,-14.0,31.0,petauke,zm,75.54,59,8,11.99,Set 12
551,14.0,19.0,oum hadjer,td,79.86,42,0,3.38,Set 12
552,45.0,38.0,krymsk,ru,57.2,62,24,17.9,Set 12
553,45.0,106.0,mandalgovi,mn,27.39,75,80,2.71,Set 12
554,20.0,-14.0,atar,mr,84.2,9,24,10.29,Set 12
555,15.0,97.0,ye,mm,,,,,Set 12
556,15.0,-87.0,la rosa,hn,63.66,80,0,16.35,Set 12
557,53.0,-91.0,sioux lookout,ca,30.2,54,75,8.05,Set 12
558,3.0,89.0,banda aceh,id,75.54,97,8,2.93,Set 12
559,12.0,21.0,am timan,td,81.75,27,0,3.94,Set 12
560,-6.0,-46.0,grajau,br,,,,,Set 12
561,36.0,92.0,lasa,cn,62.6,71,0,6.93,Set 12
562,37.0,-110.0,cortez,us,33.8,80,75,12.75,Set 12
563,25.0,57.0,sharjah,ae,73.4,56,0,10.29,Set 12
564,22.0,49.0,abu samrah,qa,62.76,41,24,9.64,Set 12
565,29.0,55.0,darab,ir,37.56,60,0,1.48,Set 12
566,57.0,106.0,ust-kut,ru,8.22,71,20,2.37,Set 12
567,-6.0,-81.0,sechura,pe,80.22,66,12,10.76,Set 12
568,7.0,-4.0,daoukro,ci,88.05,57,24,3.83,Set 12
569,29.0,10.0,nalut,ly,66.9,23,0,15.79,Set 12
570,-33.0,-61.0,rosario,ar,68,72,75,23.04,Set 12
571,42.0,91.0,hami,cn,47.28,55,20,17.47,Set 12
572,43.0,-63.0,halifax,ca,27.66,100,8,14.79,Set 12
573,61.0,105.0,vanavara,ru,26.58,91,48,8.3,Set 12
574,-47.0,-78.0,coihaique,cl,57.2,54,75,9.17,Set 12
575,42.0,119.0,mujiayingzi,cn,29.73,76,76,7.52,Set 12
576,49.0,-81.0,cochrane,ca,,,,,Set 12
577,55.0,108.0,magistralnyy,ru,5.79,71,0,2.71,Set 12
578,-9.0,173.0,lolua,tv,,,,,Set 12
579,53.0,53.0,pleshanovo,ru,32,78,0,11.18,Set 12
580,-19.0,-75.0,camana,pe,,,,,Set 12
581,44.0,16.0,knin,hr,50,87,75,13.87,Set 12
582,-16.0,-88.0,hualmay,pe,76.98,67,8,4.72,Set 12
583,60.0,141.0,okhotsk,ru,12.45,91,64,9.53,Set 12
584,35.0,-10.0,azimur,ma,,,,,Set 12
585,-17.0,-171.0,alofi,nu,71.6,94,36,1.12,Set 12
586,24.0,131.0,nishihara,jp,53.6,66,75,2.24,Set 12
587,28.0,109.0,tongren,cn,42.96,100,92,7.18,Set 12
588,-18.0,161.0,poum,nc,48.2,61,40,6.93,Set 12
589,-8.0,-52.0,sao felix do xingu,br,86.16,69,20,2.71,Set 12
590,52.0,75.0,ekibastuz,kz,23.07,88,64,5.84,Set 12
591,-22.0,-42.0,itaocara,br,82.47,74,8,4.16,Set 12
592,19.0,29.0,marawi,sd,63.93,96,12,2.93,Set 12
593,17.0,46.0,najran,sa,77,17,0,4.7,Set 12
594,32.0,18.0,surt,ly,62.58,83,0,8.19,Set 12
595,34.0,-88.0,columbus,us,82.4,38,1,3.6,Set 12
596,24.0,-9.0,taoudenni,ml,82.83,12,0,3.15,Set 12
597,16.0,86.0,narasannapeta,in,71.4,96,0,2.59,Set 12
598,46.0,131.0,qitaihe,cn,17.13,53,0,10.76,Set 12
599,22.0,89.0,baghmara,in,62.85,40,0,5.17,Set 12
600,15.0,109.0,quang ngai,vn,63.3,92,24,2.15,Set 13
601,40.0,-11.0,peniche,pt,55.4,71,20,6.93,Set 13
602,18.0,26.0,kutum,sd,67.26,26,0,5.06,Set 13
603,-16.0,128.0,kununurra,au,77,94,36,4.7,Set 13
604,-7.0,108.0,kadungora,id,63.75,96,20,1.25,Set 13
605,60.0,-6.0,vagur,fo,41.07,100,0,11.65,Set 13
606,42.0,85.0,korla,cn,,,,,Set 13
607,49.0,140.0,mayskiy,ru,60.8,48,75,8.95,Set 13
608,9.0,-61.0,tucupita,ve,91.11,47,0,9.42,Set 13
609,62.0,129.0,pokrovsk,ru,21.99,92,92,19.04,Set 13
610,40.0,129.0,helong,cn,63.93,95,92,2.93,Set 13
611,30.0,133.0,nichinan,jp,58.35,100,92,2.15,Set 13
612,26.0,-133.0,lompoc,us,55.4,58,1,7.74,Set 13
613,62.0,29.0,savonlinna,fi,33.8,69,90,11.41,Set 13
614,-9.0,166.0,lata,sb,42.87,58,0,2.82,Set 13
615,60.0,89.0,teguldet,ru,22.08,88,12,6.29,Set 13
616,42.0,28.0,ahtopol,bg,39.2,93,20,9.17,Set 13
617,59.0,39.0,chebsara,ru,18.75,82,76,11.43,Set 13
618,-21.0,-60.0,mayor pablo lagerenza,py,94.71,55,0,21.16,Set 13
619,39.0,-92.0,fulton,us,30.2,39,90,4.7,Set 13
620,29.0,61.0,khash,ir,59.16,36,0,14.56,Set 13
621,57.0,164.0,ust-kamchatsk,ru,,,,,Set 13
622,-14.0,-34.0,conde,br,85.8,70,8,10.54,Set 13
623,-1.0,-84.0,manta,ec,41.88,95,92,5.06,Set 13
624,53.0,-64.0,havre-saint-pierre,ca,26.6,79,90,21.92,Set 13
625,17.0,35.0,barbar,sd,,,,,Set 13
626,32.0,131.0,kobayashi,jp,55.47,94,92,3.6,Set 13
627,61.0,-116.0,hay river,ca,32,60,20,8.05,Set 13
628,59.0,90.0,novobirilyussy,ru,18.21,85,20,6.17,Set 13
629,-6.0,104.0,pringsewu,id,74.37,96,48,1.7,Set 13
630,35.0,40.0,abu kamal,sy,58.35,27,20,5.95,Set 13
631,56.0,77.0,vengerovo,ru,27.21,87,20,15.01,Set 13
632,-39.0,137.0,victor harbor,au,64.4,59,75,17.22,Set 13
633,-10.0,161.0,kirakira,sb,81.3,100,76,10.76,Set 13
634,18.0,107.0,dong hoi,vn,72.93,97,8,7.18,Set 13
635,6.0,110.0,sibu,my,77,100,75,3.15,Set 13
636,-38.0,157.0,kiama,au,60.8,93,40,3.36,Set 13
637,-3.0,-167.0,samalaeulu,ws,,,,,Set 13
638,39.0,-99.0,hays,us,51.8,50,90,19.46,Set 13
639,28.0,39.0,sakakah,sa,,,,,Set 13
640,17.0,-101.0,tecpan,mx,78.8,50,40,9.17,Set 13
641,-37.0,-65.0,santa rosa,ar,71.67,32,0,19.82,Set 13
642,8.0,-2.0,wenchi,gh,78.33,90,32,3.04,Set 13
643,30.0,-18.0,santa cruz de la palma,es,68,77,20,17.22,Set 13
644,34.0,118.0,suicheng,cn,44.31,99,92,9.31,Set 13
645,-20.0,94.0,labuhan,id,71.85,96,68,2.26,Set 13
646,46.0,82.0,urdzhar,kz,,,,,Set 13
647,40.0,125.0,dandong,cn,24.96,75,0,2.93,Set 13
648,-18.0,-49.0,buriti alegre,br,82.29,89,32,0.92,Set 13
649,3.0,-72.0,mapiripan,co,85.71,67,36,9.64,Set 13
650,-8.0,151.0,kandrian,pg,72.21,100,100,2.37,Set 14
651,27.0,-98.0,kingsville,us,53.6,23,1,8.05,Set 14
652,49.0,18.0,trencin,sk,26.6,53,90,18.34,Set 14
653,40.0,-3.0,tarancon,es,51.8,70,20,10.29,Set 14
654,35.0,-87.0,athens,us,60.8,62,1,6.93,Set 14
655,64.0,51.0,zheleznodorozhnyy,ru,17.6,40,0,6.71,Set 14
656,39.0,144.0,yamada,jp,46.4,75,75,2.24,Set 14
657,-42.0,-70.0,san carlos de bariloche,ar,53.6,54,0,17.22,Set 14
658,32.0,50.0,masjed-e soleyman,ir,,,,,Set 14
659,28.0,-106.0,santa cruz de rosales,mx,,,,,Set 14
660,46.0,112.0,baruun-urt,mn,19.11,82,0,8.63,Set 14
661,3.0,31.0,arua,ug,72.66,93,80,0.92,Set 14
662,-17.0,51.0,ambodifototra,mg,,,,,Set 14
663,76.0,-141.0,aklavik,ca,-7.61,76,75,2.24,Set 14
664,2.0,49.0,hobyo,so,80.85,81,88,14,Set 14
665,-15.0,21.0,kalabo,zm,74.28,76,80,2.93,Set 14
666,-14.0,-29.0,maragogi,br,84.36,81,20,9.42,Set 14
667,48.0,39.0,dmytrivka,ua,19.4,48,0,11.18,Set 14
668,38.0,108.0,yinchuan,cn,42.69,91,88,3.15,Set 14
669,-17.0,132.0,katherine,au,77,88,80,1.12,Set 14
670,6.0,104.0,kuala terengganu,my,78.8,88,75,2.24,Set 14
671,-24.0,-60.0,pozo colorado,py,96.33,52,0,18.48,Set 14
672,50.0,83.0,oskemen,kz,12.45,75,0,2.48,Set 14
673,41.0,-66.0,yarmouth,ca,32,99,75,12.75,Set 14
674,27.0,-9.0,tiznit,ma,61.68,85,68,9.19,Set 14
675,-6.0,43.0,chake chake,tz,83.01,97,0,8.41,Set 14
676,19.0,127.0,san vicente,ph,86,45,40,9.17,Set 14
677,-5.0,106.0,metro,id,77.7,98,68,2.48,Set 14
678,59.0,26.0,koeru,ee,24.24,84,0,14.67,Set 14
679,-3.0,0.0,takoradi,gh,82.56,96,0,11.99,Set 14
680,74.0,21.0,skjervoy,no,26.6,86,90,20.8,Set 14
681,58.0,31.0,volot,ru,29.46,83,44,8.75,Set 14
682,-19.0,57.0,cap malheureux,mu,80.6,94,40,12.75,Set 14
683,50.0,21.0,tarnow,pl,28.4,63,20,14.99,Set 14
684,31.0,-90.0,bogalusa,us,73.4,88,90,10.29,Set 14
685,1.0,-110.0,ixtapa,mx,78.8,65,75,12.75,Set 14
686,-12.0,138.0,nhulunbuy,au,77,88,75,12.75,Set 14
687,44.0,-8.0,naron,es,50,76,40,6.93,Set 14
688,50.0,-113.0,lethbridge,ca,30.2,80,90,12.75,Set 14
689,27.0,120.0,hanyang,cn,49.08,75,76,4.61,Set 14
690,-2.0,-80.0,el triunfo,ec,95,26,75,4.7,Set 14
691,3.0,-39.0,itarema,br,84.9,83,20,9.98,Set 14
692,3.0,41.0,mandera,ke,95.16,26,92,8.97,Set 14
693,-17.0,37.0,quelimane,mz,80.6,83,40,5.82,Set 14
694,-12.0,-42.0,ibipeba,br,82.83,72,36,4.61,Set 14
695,16.0,107.0,saravan,la,46.4,75,0,11.41,Set 14
696,-22.0,117.0,roebourne,au,81.39,46,0,7.07,Set 14
697,-11.0,-83.0,chimbote,pe,74.91,84,20,5.95,Set 14
698,40.0,135.0,preobrazheniye,ru,30.72,62,0,7.18,Set 14
699,0.0,123.0,gorontalo,id,73.29,92,0,1.81,Set 14
700,39.0,-121.0,north auburn,us,48.2,66,90,3.36,Set 15
701,57.0,149.0,arman,ru,3.2,45,32,8.95,Set 15
702,-21.0,20.0,gobabis,na,80.6,44,24,2.24,Set 15
703,67.0,-179.0,egvekinot,ru,-12.22,74,80,6.4,Set 15
704,-18.0,23.0,shakawe,bw,72.21,73,44,5.17,Set 15
705,49.0,113.0,kyra,ru,,,,,Set 15
706,-20.0,36.0,beira,mz,50,76,40,6.93,Set 15
707,44.0,-75.0,potsdam,us,30.2,28,0,12.75,Set 15
708,33.0,12.0,zuwarah,ly,71.4,49,56,18.59,Set 15
709,54.0,43.0,potma,ru,,,,,Set 15
710,56.0,-58.0,saint-augustin,ca,44.6,81,20,8.05,Set 15
711,62.0,55.0,voyvozh,ru,-9.07,65,8,4.61,Set 15
712,8.0,133.0,kloulklubed,pw,80.6,78,90,9.17,Set 15
713,14.0,52.0,bereda,so,50,76,40,6.93,Set 15
714,16.0,-69.0,la romana,do,82.4,74,75,18.34,Set 15
715,41.0,15.0,san giorgio del sannio,it,53.6,76,75,4.7,Set 15
716,4.0,32.0,moyo,ug,,,,,Set 15
717,-2.0,-83.0,salinas,ec,55.4,76,1,2.71,Set 15
718,-31.0,153.0,kempsey,au,74.01,92,0,8.52,Set 15
719,25.0,75.0,begun,in,73.38,27,32,9.08,Set 15
720,14.0,-68.0,rincon,an,84.2,30,1,13.87,Set 15
721,63.0,95.0,baykit,ru,25.05,81,56,8.63,Set 15
722,40.0,-113.0,tooele,us,41,80,90,16.11,Set 15
723,54.0,115.0,verkh-usugli,ru,12.27,62,64,2.37,Set 15
724,17.0,-62.0,old road,ag,,,,,Set 15
725,-6.0,148.0,finschhafen,pg,72.12,88,80,1.14,Set 15
726,12.0,80.0,pondicherry,in,66.2,88,20,19.46,Set 15
727,26.0,85.0,marhaura,in,69.8,52,0,7.74,Set 15
728,-19.0,15.0,ongandjera,na,70.41,83,80,2.93,Set 15
729,-29.0,-88.0,coquimbo,cl,69.8,60,0,12.75,Set 15
730,13.0,130.0,san policarpo,ph,77.79,100,100,3.83,Set 15
731,61.0,6.0,hoyanger,no,35.6,79,75,1.12,Set 15
732,-5.0,117.0,galesong,id,73.4,94,20,3.36,Set 15
733,36.0,69.0,nahrin,af,47.55,69,76,0.47,Set 15
734,31.0,2.0,aflu,dz,,,,,Set 15
735,21.0,-97.0,cazones,mx,86,66,40,6.93,Set 15
736,61.0,179.0,beringovskiy,ru,13.08,94,80,18.59,Set 15
737,39.0,43.0,patnos,tr,59,67,0,4.7,Set 15
738,20.0,-116.0,constitucion,mx,73.4,11,75,17.22,Set 15
739,13.0,117.0,buluang,ph,78.8,83,40,6.93,Set 15
740,-28.0,-155.0,avera,pf,80.6,25,1,6.4,Set 15
741,4.0,-53.0,roura,gf,77,94,92,10.29,Set 15
742,52.0,-104.0,wadena,ca,25.41,100,92,6.62,Set 15
743,4.0,85.0,hambantota,lk,82.83,100,12,12.88,Set 15
744,9.0,-9.0,kerouane,gn,102.2,24,12,4.7,Set 15
745,44.0,72.0,mikhaylovka,kz,15.6,66,0,3.94,Set 15
746,14.0,93.0,port blair,in,83.28,100,0,9.08,Set 15
747,8.0,-61.0,mabaruma,gy,88.05,53,0,8.19,Set 15
748,-49.0,-57.0,rawson,ar,71.04,31,0,16.58,Set 15
749,57.0,150.0,magadan,ru,3.2,45,36,8.95,Set 15
750,18.0,65.0,dwarka,in,73.4,43,32,3.38,Set 16
751,59.0,4.0,visnes,no,35.6,69,0,20.8,Set 16
752,-52.0,176.0,dunedin,nz,46.56,91,76,5.95,Set 16
753,24.0,42.0,buraydah,sa,71.6,30,5,9.17,Set 16
754,39.0,103.0,jinchang,cn,28.29,79,48,2.59,Set 16
755,-16.0,-179.0,halalo,wf,,,,,Set 16
756,-12.0,-39.0,irara,br,81.03,100,36,4.38,Set 16
757,50.0,-8.0,kinsale,ie,32,100,75,17.22,Set 16
758,60.0,154.0,talaya,ru,14.43,84,0,6.96,Set 16
759,0.0,112.0,sri aman,my,78.8,88,75,2.26,Set 16
760,-11.0,-42.0,irece,br,82.83,72,36,4.61,Set 16
761,35.0,114.0,xinxiang,cn,40.53,83,76,4.72,Set 16
762,18.0,114.0,wanning,cn,26.6,68,75,10.29,Set 16
763,-13.0,45.0,boueni,yt,82.4,83,56,17.22,Set 16
764,28.0,141.0,shimoda,jp,51.8,87,75,4.7,Set 16
765,-30.0,28.0,quthing,ls,50.07,100,44,2.26,Set 16
766,-10.0,47.0,koungou,yt,,,,,Set 16
767,-26.0,128.0,yulara,au,73.4,46,0,8.05,Set 16
768,9.0,75.0,alappuzha,in,,,,,Set 16
769,-33.0,-40.0,laguna,br,77,25,20,5.82,Set 16
770,28.0,-82.0,winston,us,32,79,88,14.99,Set 16
771,53.0,-57.0,saint anthony,ca,30.2,86,90,9.17,Set 16
772,6.0,76.0,manavalakurichi,in,82.4,88,20,2.37,Set 16
773,-8.0,-79.0,laredo,pe,89.6,43,1,5.84,Set 16
774,7.0,68.0,kulhudhuffushi,mv,84.36,100,0,6.17,Set 16
775,41.0,-93.0,pella,us,41,80,75,4.7,Set 16
776,0.0,47.0,mogadishu,so,82.11,98,68,21.83,Set 16
777,25.0,67.0,karachi,pk,77,65,40,11.41,Set 16
778,26.0,117.0,yongan,cn,21.18,76,36,2.48,Set 16
779,17.0,23.0,biltine,td,78.15,21,0,6.73,Set 16
780,49.0,-107.0,gravelbourg,ca,30.36,100,88,4.72,Set 16
781,-1.0,137.0,biak,id,79.05,100,80,2.26,Set 16
782,-20.0,-64.0,monteagudo,bo,86,62,75,6.93,Set 16
783,65.0,67.0,salekhard,ru,-16.54,48,0,4.5,Set 16
784,-13.0,-79.0,lima,pe,70.95,74,24,2.71,Set 16
785,21.0,90.0,mathbaria,bd,70.68,94,0,2.48,Set 16
786,-15.0,105.0,palabuhanratu,id,,,,,Set 16
787,45.0,103.0,hovd,mn,35.6,95,90,25.28,Set 16
788,45.0,-69.0,hermon,us,32,100,92,12.75,Set 16
789,39.0,31.0,emirdag,tr,52.68,57,12,9.31,Set 16
790,64.0,105.0,yerbogachen,ru,18.66,91,92,7.96,Set 16
791,2.0,-57.0,lethem,gy,95.52,35,24,13.78,Set 16
792,45.0,-123.0,hayesville,us,68,45,1,4.7,Set 16
793,57.0,112.0,gorno-chuyskiy,ru,,,,,Set 16
794,-9.0,-88.0,paita,pe,89.6,52,0,10.29,Set 16
795,4.0,-72.0,puerto gaitan,co,,,,,Set 16
796,66.0,115.0,udachnyy,ru,-8.8,63,68,5.95,Set 16
797,2.0,8.0,luba,gq,67.08,84,0,3.6,Set 16
798,54.0,53.0,severnoye,ru,10.11,79,56,14.79,Set 16
799,52.0,88.0,tashtagol,ru,10.83,69,0,2.26,Set 16
800,43.0,29.0,sabla,bg,90.75,35,32,3.38,Set 17
801,14.0,0.0,dori,bf,93.99,30,20,3.15,Set 17
802,-10.0,-173.0,sataua,ws,,,,,Set 17
803,24.0,-22.0,nouadhibou,mr,69.8,64,0,20.8,Set 17
804,17.0,-67.0,guanica,us,82.4,65,40,9.17,Set 17
805,-15.0,15.0,caluquembe,ao,66.09,85,80,3.6,Set 17
806,49.0,-96.0,steinbach,ca,33.8,74,90,6.93,Set 17
807,39.0,-75.0,millville,us,50,24,1,11.41,Set 17
808,-25.0,-63.0,san pedro,ar,65.55,84,24,30.67,Set 17
809,53.0,133.0,ekimchan,ru,7.95,61,56,5.17,Set 17
810,48.0,-75.0,ferme-neuve,ca,16.23,50,0,5.17,Set 17
811,0.0,-12.0,harper,lr,84.2,20,1,12.75,Set 17
812,48.0,123.0,zalantun,cn,11.1,64,0,4.94,Set 17
813,4.0,98.0,langsa,id,70.77,92,20,2.04,Set 17
814,-7.0,-59.0,jacareacanga,br,89.49,64,12,2.82,Set 17
815,-17.0,-151.0,haapu,pf,,,,,Set 17
816,49.0,135.0,litovko,ru,18.75,55,68,13.11,Set 17
817,-23.0,-51.0,sertanopolis,br,93.2,46,40,5.82,Set 17
818,10.0,98.0,ranong,th,81.48,100,8,8.08,Set 17
819,50.0,119.0,priargunsk,ru,4.89,49,0,2.93,Set 17
820,43.0,-92.0,waverly,us,55.4,24,1,11.41,Set 17
821,-15.0,-172.0,saleilua,ws,,,,,Set 17
822,66.0,-132.0,inuvik,ca,-7.61,76,90,5.82,Set 17
823,24.0,-89.0,dzilam gonzalez,mx,93.54,41,0,6.51,Set 17
824,-15.0,71.0,quatre cocos,mu,80.6,94,40,12.75,Set 17
825,68.0,111.0,aykhal,ru,-6.73,70,76,8.75,Set 17
826,-6.0,23.0,dibaya,cd,,,,,Set 17
827,7.0,-64.0,ciudad bolivar,ve,95.79,31,0,14,Set 17
828,42.0,-9.0,vila praia de ancora,pt,53.6,71,40,10.29,Set 17
829,29.0,68.0,bhag,pk,70.41,49,0,8.86,Set 17
830,45.0,-103.0,sturgis,us,30.2,100,92,6.93,Set 17
831,8.0,80.0,anuradhapura,lk,75.9,88,0,7.85,Set 17
832,47.0,153.0,vostok,ru,12.54,57,64,9.08,Set 17
833,-13.0,-50.0,araguacu,br,,,,,Set 17
834,53.0,-131.0,prince rupert,ca,44.6,75,90,6.93,Set 17
835,24.0,91.0,bhairab bazar,bd,78.8,69,0,9.17,Set 17
836,59.0,-17.0,vestmannaeyjar,is,44.6,87,20,13.87,Set 17
837,58.0,50.0,kumeny,ru,-4.93,67,0,10.65,Set 17
838,24.0,57.0,nizwa,om,66.18,23,0,5.61,Set 17
839,36.0,-120.0,avenal,us,53.6,93,40,6.93,Set 17
840,-2.0,-60.0,manaus,br,73.4,94,75,9.17,Set 17
841,-23.0,47.0,vondrozo,mg,70.68,100,92,5.39,Set 17
842,69.0,24.0,kautokeino,no,19.2,72,0,9.86,Set 17
843,35.0,-116.0,twentynine palms,us,66.2,28,1,4.7,Set 17
844,25.0,116.0,longyan,cn,60.33,91,36,1.92,Set 17
845,50.0,73.0,temirtau,kz,28.4,79,0,26.84,Set 17
846,-26.0,161.0,poya,nc,76.08,100,88,14,Set 17
847,56.0,-124.0,mackenzie,ca,35.6,64,90,4.7,Set 17
848,-31.0,114.0,perth,au,35.6,64,75,14.99,Set 17
849,33.0,-110.0,safford,us,55.4,47,20,25.28,Set 17
850,52.0,126.0,ushumun,ru,8.76,36,0,8.97,Set 18
851,-42.0,156.0,batemans bay,au,62.13,89,0,2.59,Set 18
852,-7.0,2.0,omboue,ga,82.38,100,68,9.19,Set 18
853,33.0,-100.0,abilene,us,77,23,40,14.99,Set 18
854,-28.0,177.0,kaeo,nz,65.01,89,92,13.56,Set 18
855,53.0,-1.0,carlton,gb,41,40,90,3.49,Set 18
856,48.0,-57.0,burgeo,ca,32.43,98,48,33.13,Set 18
857,9.0,-166.0,nanakuli,us,77,100,90,9.17,Set 18
858,15.0,31.0,bara,sd,87.06,22,0,5.61,Set 18
859,27.0,50.0,safwah,sa,,,,,Set 18
860,23.0,-104.0,huejuquilla el alto,mx,70.32,22,36,4.61,Set 18
861,-17.0,-66.0,colomi,bo,84.2,28,20,9.17,Set 18
862,-6.0,5.0,gamba,ga,4.53,63,0,6.17,Set 18
863,44.0,9.0,santa margherita ligure,it,48.2,76,90,4.7,Set 18
864,12.0,-163.0,makakilo city,us,77,100,90,9.17,Set 18
865,30.0,-97.0,brenham,us,78.8,83,90,5.82,Set 18
866,5.0,113.0,miri,my,84.18,27,0,4.5,Set 18
867,48.0,133.0,leninskoye,ru,21.2,67,0,8.95,Set 18
868,15.0,-11.0,kayes,ml,97.86,17,68,6.06,Set 18
869,-3.0,-74.0,iquitos,pe,87.8,70,40,6.93,Set 18
870,37.0,-101.0,liberal,us,64.4,34,1,21.92,Set 18
871,40.0,-76.0,coatesville,us,48.2,26,1,13.87,Set 18
872,-5.0,-43.0,teresina,br,91.4,52,40,4.7,Set 18
873,49.0,17.0,hovorany,cz,24.8,58,0,14.99,Set 18
874,47.0,53.0,dossor,kz,36.93,93,88,12.66,Set 18
875,2.0,79.0,weligama,lk,79.77,96,68,6.96,Set 18
876,57.0,17.0,oskarshamn,se,28.4,74,0,4.7,Set 18
877,35.0,59.0,neyshabur,ir,43.23,98,92,6.62,Set 18
878,56.0,-133.0,ketchikan,us,42.8,87,90,5.82,Set 18
879,36.0,-71.0,brigantine,us,48.2,24,1,11.41,Set 18
880,5.0,17.0,bossembele,cf,,,,,Set 18
881,59.0,81.0,kargasok,ru,29.01,79,32,7.29,Set 18
882,48.0,-77.0,senneterre,ca,12.2,39,5,9.17,Set 18
883,-1.0,123.0,luwuk,id,79.05,100,80,2.26,Set 18
884,55.0,-110.0,grand centre,ca,,,,,Set 18
885,22.0,122.0,taitung,tw,67.17,100,80,0.92,Set 18
886,-20.0,13.0,khorixas,na,68.97,86,92,4.16,Set 18
887,-11.0,-35.0,coruripe,br,82.83,91,20,11.65,Set 18
888,-15.0,54.0,antalaha,mg,79.86,89,24,17.69,Set 18
889,34.0,-120.0,isla vista,us,57.2,58,1,4.72,Set 18
890,-10.0,26.0,bukama,cd,70.32,97,44,2.71,Set 18
891,63.0,131.0,borogontsy,ru,-12.76,40,20,7.18,Set 18
892,26.0,-17.0,arona,es,44.6,87,75,2.24,Set 18
893,34.0,-102.0,plainview,us,66.2,39,40,16.11,Set 18
894,63.0,46.0,dvinskoy,ru,1.56,69,76,8.75,Set 18
895,53.0,92.0,shushenskoye,ru,21.2,92,0,2.24,Set 18
896,56.0,158.0,esso,ru,0.3,65,44,2.26,Set 18
897,38.0,48.0,ardabil,ir,39.2,69,0,4.7,Set 18
898,13.0,77.0,kunigal,in,71.6,73,20,6.93,Set 18
899,37.0,-102.0,guymon,us,73.4,36,1,21.92,Set 18
900,60.0,133.0,amga,ru,-8.08,62,32,6.17,Set 19
901,48.0,58.0,emba,kz,62.6,71,0,6.93,Set 19
902,6.0,12.0,banyo,cm,86.43,19,92,7.4,Set 19
903,42.0,3.0,girona,es,44.6,100,75,2.24,Set 19
904,9.0,-98.0,pochutla,mx,89.6,100,75,10.29,Set 19
905,31.0,73.0,tandlianwala,pk,69.15,57,8,3.38,Set 19
906,27.0,110.0,hongjiang,cn,45.93,100,92,5.06,Set 19
907,61.0,158.0,evensk,ru,8.22,100,64,8.41,Set 19
908,17.0,100.0,sukhothai,th,73.47,77,8,2.71,Set 19
909,58.0,166.0,tilichiki,ru,-4.03,76,32,3.38,Set 19
910,-2.0,18.0,inongo,cd,70.95,100,80,2.48,Set 19
911,19.0,-43.0,sinnamary,gf,80.13,94,88,7.96,Set 19
912,65.0,138.0,khandyga,ru,-18.52,53,32,3.49,Set 19
913,-23.0,-83.0,marcona,pe,,,,,Set 19
914,53.0,-71.0,dolbeau,ca,,,,,Set 19
915,71.0,15.0,andenes,no,,,,,Set 19
916,64.0,-1.0,brae,gb,35.6,74,0,4.7,Set 19
917,6.0,-73.0,cerinza,co,60.51,89,92,1.59,Set 19
918,-21.0,26.0,letlhakane,bw,73.47,56,0,11.32,Set 19
919,-4.0,173.0,utiroa,ki,,,,,Set 19
920,-31.0,150.0,gunnedah,au,64.4,55,0,1.59,Set 19
921,-13.0,130.0,palmerston,au,46.4,31,1,12.75,Set 19
922,31.0,53.0,marv dasht,ir,,,,,Set 19
923,67.0,85.0,igarka,ru,3.45,82,44,16.02,Set 19
924,58.0,18.0,visby,se,35.31,95,0,16.24,Set 19
925,24.0,9.0,gat,ly,102.2,20,0,4.7,Set 19
926,8.0,94.0,sabang,id,77.79,97,92,7.18,Set 19
927,26.0,140.0,shingu,jp,58.62,96,88,8.63,Set 19
928,45.0,-128.0,newport,us,30.2,74,90,24.16,Set 19
929,50.0,-70.0,forestville,ca,15.8,56,20,13.87,Set 19
930,16.0,80.0,addanki,in,71.31,92,0,4.94,Set 19
931,63.0,64.0,igrim,ru,0.84,62,56,2.93,Set 19
932,59.0,48.0,darovskoy,ru,-4.75,66,0,7.74,Set 19
933,64.0,151.0,sinegorye,ru,-18.61,48,48,2.04,Set 19
934,44.0,135.0,kavalerovo,ru,18.75,65,0,11.88,Set 19
935,37.0,137.0,nanao,jp,48.36,99,92,5.06,Set 19
936,15.0,-7.0,nara,ml,53.6,81,75,4.7,Set 19
937,36.0,-84.0,knoxville,us,60.8,51,1,4.7,Set 19
938,42.0,-3.0,soria,es,36.75,67,12,5.39,Set 19
939,18.0,-24.0,pombas,cv,91.83,60,36,7.4,Set 19
940,39.0,119.0,changli,cn,52.05,78,92,5.28,Set 19
941,76.0,23.0,havoysund,no,26.6,100,90,14.99,Set 19
942,-39.0,-70.0,neuquen,ar,68,30,0,18.34,Set 19
943,40.0,-92.0,quincy,us,82.4,51,75,5.82,Set 19
944,50.0,64.0,kushmurun,kz,,,,,Set 19
945,3.0,121.0,manuk mangkaw,ph,82.56,100,36,1.59,Set 19
946,50.0,-103.0,grenfell,ca,49.62,74,0,2.93,Set 19
947,59.0,112.0,vitim,ru,6.51,54,36,5.39,Set 19
948,62.0,155.0,dukat,ru,39.81,97,0,1.7,Set 19
949,19.0,15.0,bilma,ne,79.5,13,0,4.27,Set 19
950,30.0,-119.0,maneadero,mx,,,,,Set 20
951,49.0,-74.0,chapais,ca,8.6,50,20,13.87,Set 20
952,24.0,-85.0,mantua,cu,46.4,75,40,10.29,Set 20
953,7.0,5.0,idanre,ng,85.53,57,12,4.61,Set 20
954,24.0,121.0,puli,tw,66.2,88,40,0.25,Set 20
955,-13.0,167.0,sola,vu,33.8,80,75,10.29,Set 20
956,-36.0,-54.0,maldonado,uy,75.2,94,90,19.46,Set 20
957,58.0,135.0,ust-maya,ru,-9.88,34,44,6.17,Set 20
958,22.0,-96.0,tamiahua,mx,78.51,95,64,3.6,Set 20
959,29.0,-109.0,sahuaripa,mx,67.08,45,0,3.15,Set 20
960,54.0,134.0,zlatoustovsk,ru,,,,,Set 20
961,41.0,110.0,dongsheng,cn,45.57,95,80,8.52,Set 20
962,56.0,-125.0,fort saint james,ca,35.58,74,0,2.82,Set 20
963,11.0,31.0,abu jubayhah,sd,,,,,Set 20
964,21.0,102.0,nam tha,la,,,,,Set 20
965,-3.0,-65.0,uarini,br,84.2,74,40,9.17,Set 20
966,28.0,101.0,xichang,cn,45.12,53,0,1.59,Set 20
967,56.0,-15.0,westport,ie,33.8,86,75,12.75,Set 20
968,52.0,63.0,lisakovsk,kz,35.85,93,92,22.95,Set 20
969,31.0,8.0,duz,tn,,,,,Set 20
970,23.0,91.0,lakshmipur,bd,71.94,94,0,2.37,Set 20
971,25.0,39.0,umm lajj,sa,68.43,96,0,3.38,Set 20
972,37.0,-88.0,murray,us,41,80,90,16.11,Set 20
973,51.0,81.0,veseloyarsk,ru,5.43,58,12,3.38,Set 20
974,33.0,6.0,tuggurt,dz,,,,,Set 20
975,-41.0,153.0,launceston,au,59,72,90,31.09,Set 20
976,49.0,-109.0,havre,us,30.2,92,90,8.05,Set 20
977,9.0,107.0,tra vinh,vn,78.06,90,64,7.96,Set 20
978,6.0,26.0,obo,cf,79.77,64,12,3.94,Set 20
979,14.0,-72.0,manaure,co,84.2,70,40,17.22,Set 20
980,0.0,91.0,meulaboh,id,80.85,100,68,4.38,Set 20
981,65.0,16.0,storforshei,no,28.4,86,75,18.34,Set 20
982,18.0,-67.0,lajas,us,84.2,54,40,13.87,Set 20
983,31.0,-116.0,camalu,mx,56.91,58,0,7.63,Set 20
984,-35.0,-24.0,sao joao da barra,br,86,58,0,10.29,Set 20
985,31.0,124.0,shenjiamen,cn,55.02,96,92,7.18,Set 20
986,52.0,-99.0,dauphin,ca,19.4,92,90,13.87,Set 20
987,45.0,-3.0,bermeo,es,46.4,87,75,3.36,Set 20
988,-20.0,51.0,andevoranto,mg,,,,,Set 20
989,-7.0,21.0,tshikapa,cd,72.48,96,44,3.49,Set 20
990,30.0,112.0,nanhai,cn,42.96,96,36,7.18,Set 20
991,61.0,-152.0,kenai,us,37.4,100,90,6.93,Set 20
992,0.0,39.0,garissa,ke,75.63,87,56,5.95,Set 20
993,48.0,-60.0,channel-port aux basques,ca,28.74,100,20,32.12,Set 20
994,26.0,113.0,chenzhou,cn,48,100,92,7.07,Set 20
995,30.0,-12.0,teguise,es,69.8,68,40,12.75,Set 20
996,40.0,78.0,shache,cn,42.69,64,0,6.17,Set 20
997,29.0,33.0,suez,eg,61.32,44,0,3.71,Set 20
998,-37.0,22.0,george,za,86,70,20,4.7,Set 20
999,11.0,-6.0,sikasso,ml,92.37,39,92,2.26,Set 20
1000,44.0,52.0,shetpe,kz,46.47,77,0,13.11,Set 21
1001,21.0,21.0,faya,td,66.2,42,0,4.7,Set 21
1002,53.0,103.0,cheremkhovo,ru,11.19,56,0,4.83,Set 21
1003,26.0,70.0,chor,pk,75.9,27,32,9.19,Set 21
1004,-5.0,11.0,loandjili,cg,86,70,40,10.29,Set 21
1005,30.0,117.0,anqing,cn,49.89,97,92,9.64,Set 21
1006,22.0,-88.0,panaba,mx,92.91,43,0,6.96,Set 21
1007,33.0,22.0,darnah,ly,61.68,100,48,19.26,Set 21
1008,-2.0,118.0,balikpapan,id,80.22,100,56,2.71,Set 21
1009,-44.0,168.0,wanaka,nz,58.26,78,92,7.4,Set 21
1010,34.0,134.0,waki,jp,57.2,87,90,2.59,Set 21
1011,-31.0,140.0,broken hill,au,54.66,68,0,8.41,Set 21
1012,4.0,-66.0,inirida,co,87.87,63,48,3.15,Set 21
1013,71.0,69.0,yar-sale,ru,-1.6,69,56,15.57,Set 21
1014,52.0,-49.0,bonavista,ca,33.33,93,92,29.89,Set 21
1015,25.0,74.0,rajsamand,in,65.19,44,36,2.93,Set 21
1016,43.0,132.0,russkiy,ru,62.76,35,88,4.38,Set 21
1017,-14.0,30.0,mkushi,zm,66.45,83,0,6.96,Set 21
1018,4.0,107.0,pemangkat,id,,,,,Set 21
1019,-22.0,31.0,messina,za,60.8,87,40,5.82,Set 21
1020,23.0,59.0,qurayyat,om,,,,,Set 21
1021,23.0,-74.0,clarence town,bs,73.4,83,90,12.75,Set 21
1022,-35.0,-77.0,talcahuano,cl,66.2,55,0,16.11,Set 21
1023,58.0,97.0,boguchany,ru,26.13,87,48,4.72,Set 21
1024,40.0,99.0,jiuquan,cn,22.53,55,12,5.84,Set 21
1025,20.0,-3.0,araouane,ml,88.14,10,68,7.18,Set 21
1026,21.0,113.0,taicheng,cn,70.23,98,92,2.71,Set 21
1027,-34.0,138.0,port pirie,au,53.6,76,0,6.93,Set 21
1028,9.0,-85.0,parrita,cr,84.2,37,20,13.87,Set 21
1029,-25.0,23.0,werda,bw,19.4,67,0,13.87,Set 21
1030,53.0,122.0,yerofey pavlovich,ru,0.48,60,0,2.48,Set 21
1031,0.0,-68.0,sao gabriel da cachoeira,br,87.8,66,40,4.7,Set 21
1032,24.0,75.0,mandsaur,in,73.74,29,76,5.28,Set 21
1033,52.0,110.0,kizhinga,ru,16.23,75,0,2.59,Set 21
1034,0.0,31.0,lyantonde,ug,64.56,98,20,5.17,Set 21
1035,58.0,0.0,peterhead,gb,64.4,59,75,17.22,Set 21
1036,53.0,63.0,tobol,kz,30.2,33,0,6.93,Set 21
1037,13.0,116.0,bacuit,ph,,,,,Set 21
1038,-15.0,-72.0,orcopampa,pe,44.67,100,76,2.93,Set 21
1039,58.0,70.0,vagay,ru,33.06,86,92,16.69,Set 21
1040,32.0,130.0,ushibuka,jp,59.88,86,92,9.42,Set 21
1041,62.0,-132.0,whitehorse,ca,30.2,74,75,16.11,Set 21
1042,-39.0,161.0,te anau,nz,60.42,67,92,17.92,Set 21
1043,36.0,-10.0,lagos,pt,86,70,20,4.7,Set 21
1044,46.0,-97.0,wahpeton,us,39.2,100,90,4.7,Set 21
1045,-17.0,-63.0,mineros,bo,86,66,75,19.46,Set 21
1046,-23.0,-44.0,mangaratiba,br,87.8,66,40,13.87,Set 21
1047,-18.0,-153.0,tevaitoa,pf,82.29,99,48,13.89,Set 21
1048,13.0,-10.0,kita,ml,53.6,66,75,2.24,Set 21
1049,-28.0,-45.0,florianopolis,br,84.2,70,20,18.34,Set 21
1050,56.0,-117.0,peace river,ca,28.4,63,75,3.38,Set 22
1051,37.0,-90.0,sikeston,us,44.6,81,90,8.05,Set 22
1052,-15.0,-48.0,padre bernardo,br,,,,,Set 22
1053,49.0,42.0,sovetskaya,ru,54.66,66,76,2.48,Set 22
1054,48.0,48.0,tambovka,ru,33.6,97,88,16.8,Set 22
1055,11.0,11.0,duku,ng,91.2,38,56,2.48,Set 22
1056,61.0,9.0,fagernes,no,10.83,64,8,4.16,Set 22
1057,43.0,-65.0,shelburne,ca,46.4,41,90,17.02,Set 22
1058,35.0,42.0,rawah,iq,,,,,Set 22
1059,-42.0,178.0,otane,nz,52.32,96,88,2.71,Set 22
1060,35.0,-5.0,tawnat,ma,,,,,Set 22
1061,-4.0,103.0,lahat,id,70.86,99,92,4.16,Set 22
1062,56.0,127.0,zolotinka,ru,,,,,Set 22
1063,37.0,-1.0,cartagena,es,60.8,51,0,6.93,Set 22
1064,66.0,166.0,bilibino,ru,-12.4,37,56,4.72,Set 22
1065,33.0,64.0,taywarah,af,35.85,92,76,2.71,Set 22
1066,65.0,174.0,anadyr,ru,3.2,77,90,10.98,Set 22
1067,62.0,-58.0,maniitsoq,gl,36.3,73,0,6.4,Set 22
1068,53.0,74.0,russkaya polyana,ru,28.47,89,20,14.79,Set 22
1069,17.0,41.0,jizan,sa,84.2,66,0,5.82,Set 22
1070,55.0,11.0,nakskov,dk,31.8,96,0,21.72,Set 22
1071,21.0,-75.0,moa,cu,81.75,64,12,2.82,Set 22
1072,68.0,150.0,zyryanka,ru,-17.53,52,88,9.98,Set 22
1073,33.0,-153.0,ahuimanu,us,77,88,90,13.87,Set 22
1074,-9.0,35.0,mtwango,tz,60.06,93,8,3.6,Set 22
1075,-4.0,42.0,malindi,ke,82.4,78,20,6.93,Set 22
1076,60.0,1.0,lerwick,gb,35.6,74,0,4.7,Set 22
1077,48.0,-79.0,macamic,ca,15.8,28,20,11.41,Set 22
1078,-7.0,17.0,kasongo-lunda,cd,77.25,64,32,3.04,Set 22
1079,2.0,2.0,anloga,gh,84.2,79,20,14.99,Set 22
1080,39.0,136.0,wajima,jp,48.36,99,92,5.06,Set 22
1081,54.0,119.0,ksenyevka,ru,,,,,Set 22
1082,5.0,-5.0,grand-lahou,ci,84.54,67,8,10.31,Set 22
1083,-25.0,26.0,ramotswa,bw,71.6,68,20,6.93,Set 22
1084,49.0,-54.0,hare bay,ca,32,89,90,24.16,Set 22
1085,35.0,20.0,methoni,gr,53.6,76,20,6.93,Set 22
1086,-43.0,170.0,hokitika,nz,60.15,100,88,7.18,Set 22
1087,-41.0,177.0,takapau,nz,55.56,88,44,5.61,Set 22
1088,10.0,102.0,ko samui,th,82.83,100,0,12.1,Set 22
1089,28.0,-84.0,clearwater,us,82.4,65,75,5.82,Set 22
1090,55.0,-119.0,wembley,ca,32,100,90,10.29,Set 22
1091,68.0,74.0,pangody,ru,-1.42,69,0,15.79,Set 22
1092,1.0,10.0,cocobeach,ga,84.2,74,40,8.05,Set 22
1093,22.0,72.0,dhola,in,55.4,71,20,3.36,Set 22
1094,50.0,-114.0,claresholm,ca,28.4,86,90,9.17,Set 22
1095,-14.0,-174.0,falealupo,ws,,,,,Set 22
1096,4.0,15.0,gamboula,cf,72.39,92,76,2.37,Set 22
1097,45.0,-73.0,bedford,ca,32,86,75,12.75,Set 22
1098,-24.0,148.0,emerald,au,72.39,80,12,5.61,Set 22
1099,22.0,128.0,hirara,jp,71.85,100,92,9.53,Set 22
1100,54.0,109.0,ust-barguzin,ru,6.24,68,0,1.03,Set 23
1101,36.0,148.0,kamaishi,jp,41.43,73,88,6.73,Set 23
1102,38.0,-104.0,pueblo,us,62.6,11,75,23.04,Set 23
1103,5.0,103.0,marang,my,,,,,Set 23
1104,37.0,13.0,sciacca,it,53.6,93,75,16.11,Set 23
1105,5.0,117.0,keningau,my,77,94,75,3.36,Set 23
1106,8.0,111.0,phan rang,vn,,,,,Set 23
1107,69.0,-54.0,kangaatsiaq,gl,19.83,100,8,7.63,Set 23
1108,67.0,-27.0,bolungarvik,is,,,,,Set 23
1109,33.0,121.0,dafeng,cn,46.29,100,92,11.99,Set 23
1110,53.0,106.0,bayanday,ru,9.66,64,0,2.59,Set 23
1111,-20.0,-44.0,ibirite,br,87.8,48,40,4.7,Set 23
1112,49.0,4.0,epernay,fr,44.6,70,90,3.36,Set 23
1113,44.0,-109.0,cody,us,42.8,26,1,8.05,Set 23
1114,13.0,43.0,zabid,ye,52.41,75,20,2.37,Set 23
1115,54.0,95.0,aginskoye,ru,20.91,71,92,4.72,Set 23
1116,6.0,51.0,eyl,so,76.8,99,8,12.44,Set 23
1117,35.0,-122.0,morro bay,us,55.4,93,40,6.93,Set 23
1118,10.0,-40.0,carutapera,br,85.17,77,44,10.09,Set 23
1119,51.0,105.0,petropavlovka,ru,13.8,58,0,2.71,Set 23
1120,45.0,21.0,banatski karlovac,rs,33.8,86,75,9.17,Set 23
1121,46.0,66.0,tasbuget,kz,,,,,Set 23
1122,18.0,9.0,agadez,ne,96.8,11,0,4.7,Set 23
1123,59.0,46.0,pavino,ru,21.2,67,0,8.95,Set 23
1124,22.0,-86.0,isla mujeres,mx,84.2,66,40,16.11,Set 23
1125,-8.0,112.0,tulungagung,id,67.71,93,32,1.7,Set 23
1126,14.0,28.0,umm kaddadah,sd,73.65,12,0,8.08,Set 23
1127,45.0,-102.0,rapid valley,us,37.4,92,90,24.16,Set 23
1128,31.0,26.0,bardiyah,ly,,,,,Set 23
1129,7.0,43.0,ginir,et,63.93,66,24,3.6,Set 23
1130,-20.0,-40.0,serra,br,84.2,70,20,8.05,Set 23
1131,-8.0,-75.0,campoverde,pe,55.4,71,40,9.17,Set 23
1132,-11.0,-148.0,fare,pf,82.29,99,48,13.89,Set 23
1133,14.0,9.0,zinder,ne,95,7,0,4.7,Set 23
1134,17.0,-12.0,maghama,mr,,,,,Set 23
1135,-29.0,-66.0,catamarca,ar,,,,,Set 23
1136,68.0,47.0,leshukonskoye,ru,4.98,59,88,8.08,Set 23
1137,53.0,81.0,zavyalovo,ru,21.2,67,0,8.95,Set 23
1138,54.0,48.0,bolshiye klyuchishchi,ru,,,,,Set 23
1139,-17.0,168.0,vila,vu,44.6,87,75,2.24,Set 23
1140,7.0,9.0,gboko,ng,91.83,43,56,7.96,Set 23
1141,-16.0,153.0,samarai,pg,75.99,100,92,2.59,Set 23
1142,8.0,-104.0,acapulco,mx,80.6,65,75,11.41,Set 23
1143,40.0,50.0,zig,az,42.8,81,90,8.05,Set 23
1144,12.0,46.0,aden,ye,78.51,98,0,12.44,Set 23
1145,75.0,141.0,deputatskiy,ru,-37.51,0,0,2.71,Set 23
1146,-44.0,-67.0,trelew,ar,71.04,31,0,16.58,Set 23
1147,23.0,66.0,keti bandar,pk,75.54,99,20,10.54,Set 23
1148,66.0,137.0,batagay,ru,-33.82,0,0,2.93,Set 23
1149,-6.0,12.0,soyo,ao,84.45,63,64,7.74,Set 23
1150,33.0,-83.0,milledgeville,us,78.8,29,1,9.17,Set 24
1151,6.0,120.0,pandan niog,ph,83.82,100,64,3.27,Set 24
1152,4.0,-45.0,salinopolis,br,82.38,99,12,11.65,Set 24
1153,-31.0,-59.0,concordia,ar,68,77,75,21.92,Set 24
1154,31.0,-77.0,north myrtle beach,us,62.6,59,1,13.87,Set 24
1155,48.0,125.0,yian,cn,,,,,Set 24
1156,36.0,150.0,nemuro,jp,36.93,88,0,22.73,Set 24
1157,-9.0,-68.0,boca do acre,br,82.74,85,36,2.82,Set 24
1158,68.0,132.0,verkhoyansk,ru,-27.7,43,20,2.59,Set 24
1159,54.0,61.0,plast,ru,35.85,98,92,23.29,Set 24
1160,7.0,-75.0,amalfi,co,76.62,88,80,0.25,Set 24
1161,53.0,29.0,mazyr,by,11.46,70,44,8.97,Set 24
1162,-39.0,146.0,wonthaggi,au,60.78,54,0,9.64,Set 24
1163,40.0,83.0,kuche,cn,,,,,Set 24
1164,64.0,-46.0,qaqortoq,gl,46.4,36,92,43.62,Set 24
1165,4.0,74.0,male,mv,10.29,74,48,12.77,Set 24
1166,69.0,135.0,ust-kuyga,ru,-38.05,0,12,2.59,Set 24
1167,39.0,38.0,malatya,tr,,,,,Set 24
1168,17.0,83.0,yellamanchili,in,,,,,Set 24
1169,37.0,-10.0,aljezur,pt,56.55,100,56,14.45,Set 24
1170,54.0,64.0,borovskoy,kz,35.58,90,92,22.84,Set 24
1171,41.0,5.0,mahon,es,32,100,75,17.22,Set 24
1172,26.0,100.0,dali,cn,48.9,77,0,5.17,Set 24
1173,13.0,-4.0,nouna,bf,96.24,30,8,2.59,Set 24
1174,5.0,35.0,kapoeta,sd,,,,,Set 24
1175,23.0,99.0,lashio,mm,58.89,94,12,1.81,Set 24
1176,35.0,37.0,salamiyah,sy,60.6,26,20,9.98,Set 24
1177,12.0,-87.0,leon,ni,41,80,90,3.36,Set 24
1178,26.0,81.0,dalmau,in,66.63,30,0,3.6,Set 24
1179,14.0,10.0,goure,ne,85.89,11,0,6.85,Set 24
1180,36.0,-93.0,harrison,us,53.6,23,1,5.82,Set 24
1181,-27.0,155.0,victoria point,au,71.6,94,90,2.93,Set 24
1182,45.0,-99.0,aberdeen,us,35.6,100,90,4.61,Set 24
1183,-35.0,177.0,whitianga,nz,66.36,100,100,25.19,Set 24
1184,3.0,9.0,riaba,gq,,,,,Set 24
1185,51.0,114.0,duldurga,ru,22.53,83,24,2.15,Set 24
1186,5.0,121.0,latung,ph,70.59,94,80,3.27,Set 24
1187,14.0,-106.0,coahuayana,mx,87.33,18,8,3.04,Set 24
1188,52.0,72.0,stepnogorsk,kz,29.28,90,8,12.1,Set 24
1189,48.0,-97.0,grand forks,us,39.2,80,75,4.5,Set 24
1190,44.0,-24.0,praia da vitoria,pt,68,77,20,24.52,Set 24
1191,-1.0,45.0,barawe,so,,,,,Set 24
1192,43.0,-123.0,roseburg,us,46.4,75,20,3.36,Set 24
1193,53.0,-119.0,jasper,ca,75.2,40,92,3.27,Set 24
1194,-12.0,43.0,moroni,km,25.59,73,88,4.94,Set 24
1195,64.0,4.0,raudeberg,no,33.8,86,75,8.05,Set 24
1196,-11.0,-37.0,aracaju,br,86,66,20,14.99,Set 24
1197,42.0,-95.0,carroll,us,64.4,55,0,2.37,Set 24
1198,43.0,-81.0,ingersoll,ca,46.4,45,20,17.22,Set 24
1199,19.0,96.0,toungoo,mm,,,,,Set 24
1200,30.0,-103.0,ojinaga,mx,73.65,22,0,10.2,Set 25
1201,36.0,37.0,aleppo,sy,59.97,44,44,7.18,Set 25
1202,42.0,43.0,shorapani,ge,64.4,48,75,14.99,Set 25
1203,30.0,16.0,waddan,ly,62.76,22,0,2.71,Set 25
1204,60.0,70.0,gornopravdinsk,ru,29.19,86,92,10.65,Set 25
1205,-22.0,-63.0,yacuiba,bo,84.2,79,90,1.59,Set 25
1206,1.0,26.0,kisangani,cd,75.63,91,64,4.5,Set 25
1207,36.0,16.0,pachino,it,55.4,82,20,5.82,Set 25
1208,49.0,161.0,petropavlovsk-kamchatskiy,ru,12.2,61,32,2.24,Set 25
1209,44.0,78.0,saryozek,kz,25.86,70,20,5.06,Set 25
1210,21.0,-158.0,ewa beach,us,77,100,90,9.17,Set 25
1211,3.0,159.0,namatanai,pg,79.23,100,80,13.44,Set 25
1212,-5.0,-79.0,san ignacio,pe,69.8,40,20,13.87,Set 25
1213,44.0,127.0,jishu,cn,19.02,82,0,10.54,Set 25
1214,26.0,-99.0,general bravo,mx,83.91,54,8,16.91,Set 25
1215,-32.0,-73.0,valparaiso,cl,53.6,40,1,4.83,Set 25
1216,20.0,-77.0,yara,cu,83.55,85,12,3.38,Set 25
1217,27.0,123.0,wenling,cn,56.1,97,92,2.82,Set 25
1218,59.0,-141.0,haines junction,ca,20.91,90,48,2.59,Set 25
1219,-19.0,39.0,mocuba,mz,77.79,80,92,7.18,Set 25
1220,37.0,24.0,milos,gr,60.8,87,0,13.87,Set 25
1221,66.0,21.0,boden,se,30.2,58,0,6.93,Set 25
1222,48.0,136.0,mukhen,ru,14.43,54,64,11.65,Set 25
1223,51.0,110.0,bada,ru,90.75,35,32,3.38,Set 25
1224,6.0,-81.0,la palma,pa,78.24,74,24,2.26,Set 25
1225,36.0,-119.0,porterville,us,53.6,76,1,4.7,Set 25
1226,2.0,14.0,sembe,cg,,,,,Set 25
1227,15.0,-111.0,tomatlan,mx,85.71,48,0,3.6,Set 25
1228,19.0,109.0,lingao,cn,70.41,83,36,3.6,Set 25
1229,61.0,15.0,borlange,se,,,,,Set 25
1230,24.0,116.0,rongcheng,cn,38.28,96,92,8.86,Set 25
1231,74.0,1.0,roald,no,37.4,86,75,23.04,Set 25
1232,24.0,3.0,tessalit,ml,79.86,14,8,7.4,Set 25
1233,-6.0,159.0,buala,sb,78.69,100,24,3.38,Set 25
1234,20.0,-91.0,seybaplaya,mx,95,39,5,17.22,Set 25
1235,65.0,167.0,kamenskoye,ru,,,,,Set 25
1236,43.0,75.0,kant,kg,28.02,80,8,3.71,Set 25
1237,-32.0,148.0,dubbo,au,66.2,45,0,5.82,Set 25
1238,53.0,119.0,ust-karsk,ru,4.8,57,0,2.37,Set 25
1239,-15.0,-64.0,trinidad,bo,73.4,100,90,11.41,Set 25
1240,0.0,-41.0,camocim,br,84.45,90,36,7.63,Set 25
1241,-34.0,146.0,griffith,au,51.06,76,0,2.82,Set 25
1242,57.0,72.0,bolshiye uki,ru,,,,,Set 25
1243,54.0,126.0,magdagachi,ru,7.23,38,0,8.08,Set 25
1244,-10.0,46.0,domoni,km,,,,,Set 25
1245,44.0,-53.0,bay roberts,ca,30.2,92,90,33.33,Set 25
1246,-2.0,131.0,sorong,id,81.93,100,12,12.66,Set 25
1247,13.0,101.0,bang lamung,th,78.8,83,20,2.24,Set 25
1248,34.0,-119.0,malibu,us,75.2,29,1,4.38,Set 25
1249,48.0,-81.0,timmins,ca,15.8,31,20,10.29,Set 25
1250,-19.0,36.0,dondo,mz,75.2,94,75,11.99,Set 26
1251,72.0,85.0,karaul,ru,,,,,Set 26
1252,9.0,-87.0,santa cruz,cr,51.8,76,1,2.04,Set 26
1253,6.0,16.0,baoro,cf,71.4,95,8,3.94,Set 26
1254,62.0,127.0,berdigestyakh,ru,-9.34,33,32,8.52,Set 26
1255,-41.0,172.0,karamea,nz,,,,,Set 26
1256,26.0,51.0,sitrah,bh,69.8,46,0,11.41,Set 26
1257,11.0,25.0,birao,cf,79.68,30,0,4.38,Set 26
1258,8.0,42.0,harer,et,29.64,59,36,9.53,Set 26
1259,7.0,-72.0,cubara,co,73.2,91,56,2.71,Set 26
1260,31.0,44.0,baghdad,iq,66.2,34,0,3.36,Set 26
1261,59.0,60.0,is,ru,,,,,Set 26
1262,16.0,-6.0,sokolo,ml,96.6,17,8,7.96,Set 26
1263,40.0,29.0,bursa,tr,59,67,75,2.24,Set 26
1264,67.0,62.0,verkhnyaya inta,ru,-5.2,54,32,4.38,Set 26
1265,55.0,105.0,zhigalovo,ru,14.88,67,24,2.15,Set 26
1266,55.0,25.0,sirvintos,lt,26.6,53,0,4.7,Set 26
1267,36.0,-116.0,pahrump,us,55.4,24,1,3.83,Set 26
1268,28.0,27.0,marsa matruh,eg,73.4,38,0,20.8,Set 26
1269,57.0,51.0,kilmez,ru,,,,,Set 26
1270,31.0,85.0,pokhara,np,52.5,45,0,4.72,Set 26
1271,-15.0,32.0,katete,zm,67.08,89,48,1.92,Set 26
1272,55.0,121.0,amazar,ru,0.57,59,0,2.26,Set 26
1273,-13.0,129.0,port keats,au,76.44,100,36,6.51,Set 26
1274,41.0,31.0,akcakoca,tr,61.86,40,76,4.05,Set 26
1275,50.0,4.0,fourmies,fr,32,68,68,12.75,Set 26
1276,6.0,22.0,bria,cf,82.56,50,44,8.41,Set 26
1277,22.0,-72.0,cockburn harbour,tc,,,,,Set 26
1278,6.0,13.0,tibati,cm,84.63,19,8,10.76,Set 26
1279,21.0,-87.0,leona vicario,mx,84.2,66,40,16.11,Set 26
1280,-11.0,-50.0,formoso do araguaia,br,,,,,Set 26
1281,-26.0,-56.0,abai,py,53.6,71,0,6.93,Set 26
1282,40.0,2.0,calvia,es,53.6,54,20,3.36,Set 26
1283,46.0,17.0,bjelovar,hr,32,79,90,13.87,Set 26
1284,1.0,120.0,palu,id,63.48,94,44,1.59,Set 26
1285,26.0,107.0,xiaoweizhai,cn,47.1,100,92,4.05,Set 26
1286,50.0,8.0,geisenheim,de,32,63,90,16.11,Set 26
1287,52.0,57.0,zilair,ru,33.69,91,92,14.23,Set 26
1288,63.0,146.0,kadykchan,ru,,,,,Set 26
1289,61.0,87.0,belyy yar,ru,21.2,92,20,2.24,Set 26
1290,45.0,-67.0,saint andrews,ca,43.59,100,44,3.83,Set 26
1291,51.0,122.0,genhe,cn,-4.39,60,0,4.05,Set 26
1292,-1.0,-52.0,gurupa,br,,,,,Set 26
1293,13.0,-51.0,iracoubo,gf,82.38,66,92,5.73,Set 26
1294,22.0,-80.0,manicaragua,cu,84.2,48,75,3.36,Set 26
1295,69.0,-53.0,aasiaat,gl,27.48,90,20,8.75,Set 26
1296,62.0,67.0,oktyabrskoye,ru,22.35,88,0,6.4,Set 26
1297,6.0,-69.0,cravo norte,co,99.66,34,8,11.32,Set 26
1298,28.0,94.0,ziro,in,47.55,97,8,1.7,Set 26
1299,4.0,-47.0,amapa,br,91.4,59,75,8.05,Set 26
1300,-31.0,137.0,port augusta,au,53.6,76,0,6.93,Set 27
1301,42.0,-125.0,arcata,us,53.6,58,1,5.82,Set 27
1302,-2.0,116.0,barabai,id,75.45,94,80,2.04,Set 27
1303,26.0,-75.0,rock sound,bs,74.55,100,0,5.61,Set 27
1304,36.0,46.0,baneh,ir,50,81,0,4.7,Set 27
1305,5.0,-2.0,axim,gh,82.29,99,48,13.78,Set 27
1306,-13.0,-59.0,vilhena,br,84.2,66,40,10.29,Set 27
1307,32.0,60.0,birjand,ir,42.8,100,40,5.28,Set 27
1308,64.0,29.0,lieksa,fi,32.79,85,92,10.87,Set 27
1309,42.0,-107.0,rawlins,us,35.6,77,90,8.05,Set 27
1310,-35.0,-60.0,chivilcoy,ar,62.76,78,56,24.29,Set 27
1311,60.0,39.0,kirillov,ru,16.86,79,48,14.79,Set 27
1312,49.0,12.0,ratisbon,de,,,,,Set 27
1313,1.0,73.0,viligili,mv,,,,,Set 27
1314,10.0,80.0,valvedditturai,lk,81.3,97,8,11.99,Set 27
1315,-16.0,-72.0,lluta,pe,64.4,52,40,13.87,Set 27
1316,-17.0,43.0,mocambique,mz,,,,,Set 27
1317,-13.0,32.0,chipata,zm,71.31,66,0,10.76,Set 27
1318,52.0,49.0,ivanteyevka,ru,17.6,57,0,8.95,Set 27
1319,5.0,9.0,kumba,cm,73.11,98,64,2.15,Set 27
1320,-14.0,108.0,srandakan,id,72.39,100,80,3.04,Set 27
1321,48.0,-67.0,campbellton,ca,14.34,65,64,10.54,Set 27
1322,42.0,1.0,balaguer,es,44.13,68,0,6.17,Set 27
1323,-46.0,175.0,christchurch,nz,57.2,93,0,9.17,Set 27
1324,37.0,49.0,rudbar,ir,,,,,Set 27
1325,-17.0,134.0,ngukurr,au,,,,,Set 27
1326,3.0,-70.0,cumaribo,co,,,,,Set 27
1327,47.0,-93.0,hibbing,us,33.8,69,75,4.5,Set 27
1328,16.0,-73.0,jacmel,ht,78.6,98,8,6.4,Set 27
1329,44.0,-73.0,middlebury,us,21.2,34,1,11.41,Set 27
1330,22.0,30.0,aswan,eg,82.4,15,0,2.24,Set 27
1331,-11.0,126.0,soe,id,30.2,68,0,17.22,Set 27
1332,-3.0,21.0,ilebo,cd,75.63,96,24,0.58,Set 27
1333,59.0,118.0,chara,ru,60.8,41,20,11.41,Set 27
1334,40.0,117.0,shunyi,cn,30.2,100,8,6.71,Set 27
1335,41.0,69.0,almazar,uz,48.2,76,68,2.24,Set 27
1336,43.0,78.0,tyup,kg,13.62,66,0,1.36,Set 27
1337,63.0,15.0,ostersund,se,33.8,74,75,27.51,Set 27
1338,65.0,68.0,aksarka,ru,-12.58,39,0,7.52,Set 27
1339,27.0,-83.0,venice,us,82.4,61,1,8.05,Set 27
1340,24.0,119.0,makung,tw,,,,,Set 27
1341,45.0,137.0,terney,ru,28.83,84,0,21.05,Set 27
1342,-18.0,-150.0,haapiti,pf,82.4,69,75,3.36,Set 27
1343,63.0,10.0,berkak,no,31.53,72,92,12.66,Set 27
1344,46.0,20.0,kanjiza,rs,28.4,86,90,9.17,Set 27
1345,58.0,115.0,kropotkin,ru,56.82,68,64,7.18,Set 27
1346,3.0,46.0,mahadday weyne,so,,,,,Set 27
1347,17.0,-22.0,santa maria,cv,90.66,64,12,19.26,Set 27
1348,66.0,120.0,verkhnevilyuysk,ru,-16.36,48,0,2.71,Set 27
1349,37.0,143.0,namie,jp,45.21,94,76,1.25,Set 27
1350,27.0,76.0,basi,in,86.88,55,8,4.38,Set 28
1351,-25.0,-38.0,armacao dos buzios,br,,,,,Set 28
1352,-10.0,16.0,malanje,ao,71.58,63,0,5.84,Set 28
1353,42.0,143.0,shizunai,jp,35.31,89,80,8.86,Set 28
1354,49.0,86.0,ust-koksa,ru,11.91,67,0,1.81,Set 28
1355,47.0,-113.0,anaconda,us,33.8,64,90,4.7,Set 28
1356,34.0,54.0,semnan,ir,43.41,79,0,0.81,Set 28
1357,-4.0,145.0,angoram,pg,74.19,100,80,2.15,Set 28
1358,39.0,100.0,zhangye,cn,30.63,67,0,5.84,Set 28
1359,26.0,-83.0,fort myers beach,us,84.2,39,1,9.17,Set 28
1360,65.0,121.0,vilyuysk,ru,-16,47,0,2.59,Set 28
1361,-1.0,115.0,amuntai,id,75.45,94,80,2.04,Set 28
1362,47.0,73.0,saryshagan,kz,,,,,Set 28
1363,51.0,38.0,gorodishche,ru,1.47,69,0,5.39,Set 28
1364,29.0,34.0,elat,il,75.18,82,88,2.93,Set 28
1365,32.0,109.0,ankang,cn,42.33,98,92,1.92,Set 28
1366,-39.0,151.0,lakes entrance,au,62.4,71,0,8.86,Set 28
1367,57.0,15.0,vaxjo,se,,,,,Set 28
1368,-5.0,-34.0,sao miguel,br,85.71,39,12,3.49,Set 28
1369,-16.0,34.0,tete,mz,81.12,62,100,10.2,Set 28
1370,-28.0,-64.0,santiago del estero,ar,80.31,60,12,28.32,Set 28
1371,23.0,83.0,ambikapur,in,59.43,58,0,2.71,Set 28
1372,66.0,-139.0,mayo,ca,26.6,73,75,3.71,Set 28
1373,-9.0,150.0,alotau,pg,,,,,Set 28
1374,-6.0,111.0,jati,id,69.78,58,24,9.86,Set 28
1375,37.0,-97.0,arkansas city,us,60.8,44,90,8.05,Set 28
1376,66.0,32.0,zelenoborskiy,ru,24.42,61,0,10.76,Set 28
1377,49.0,-116.0,creston,ca,41,93,90,4.7,Set 28
1378,-38.0,-63.0,bahia blanca,ar,71.58,62,0,13.22,Set 28
1379,60.0,49.0,oktyabrskiy,ru,17.6,40,0,6.71,Set 28
1380,5.0,-10.0,buchanan,lr,82.4,83,40,9.17,Set 28
1381,-50.0,-71.0,rio gallegos,ar,64.4,23,40,42.5,Set 28
1382,-31.0,-65.0,villa carlos paz,ar,77,22,20,13.87,Set 28
1383,36.0,-128.0,ukiah,us,46.4,70,1,3.36,Set 28
1384,-21.0,164.0,koumac,nc,76.53,97,76,4.61,Set 28
1385,-8.0,14.0,caxito,ao,87.8,70,0,13.87,Set 28
1386,51.0,73.0,osakarovka,kz,29.64,89,32,11.77,Set 28
1387,53.0,-25.0,grindavik,is,44.6,93,90,18.34,Set 28
1388,54.0,124.0,skovorodino,ru,5.16,41,0,6.4,Set 28
1389,68.0,-20.0,skagastrond,is,,,,,Set 28
1390,-13.0,-86.0,huarmey,pe,78.69,55,20,4.16,Set 28
1391,37.0,36.0,ceyhan,tr,66.2,82,0,5.82,Set 28
1392,41.0,13.0,sabaudia,it,55.4,71,40,20.8,Set 28
1393,51.0,84.0,charyshskoye,ru,10.11,65,0,2.59,Set 28
1394,43.0,-71.0,exeter,us,28.4,86,75,14.99,Set 28
1395,-5.0,-57.0,itaituba,br,77,94,75,2.71,Set 28
1396,22.0,37.0,jiddah,sa,,,,,Set 28
1397,48.0,-107.0,assiniboia,ca,30,100,64,4.72,Set 28
1398,51.0,-4.0,barnstaple,gb,30.2,74,92,20.8,Set 28
1399,36.0,-96.0,jenks,us,66.2,48,75,6.93,Set 28
1400,42.0,67.0,chardara,kz,,,,,Set 29
1401,10.0,-84.0,san isidro,cr,70.23,89,0,2.59,Set 29
1402,20.0,-94.0,paraiso,mx,73.4,11,75,17.22,Set 29
1403,56.0,140.0,ayan,ru,52.05,52,20,6.62,Set 29
1404,26.0,121.0,tanshui,tw,,,,,Set 29
1405,6.0,45.0,xuddur,so,85.17,39,8,11.21,Set 29
1406,51.0,141.0,de-kastri,ru,13.08,95,48,22.84,Set 29
1407,-16.0,-40.0,itarantim,br,83.19,65,36,7.18,Set 29
1408,45.0,0.0,libourne,fr,44.6,81,20,8.05,Set 29
1409,14.0,8.0,tessaoua,ne,86.52,34,36,4.72,Set 29
1410,47.0,97.0,kungurtug,ru,2.46,54,0,2.59,Set 29
1411,5.0,12.0,nkoteng,cm,75.81,99,92,2.71,Set 29
1412,53.0,26.0,navahrudak,by,19.65,58,0,7.07,Set 29
1413,-9.0,-44.0,bom jesus,br,86,58,20,14.99,Set 29
1414,-6.0,27.0,kabalo,cd,74.01,94,20,5.73,Set 29
1415,-8.0,121.0,ruteng,id,70.59,94,80,3.27,Set 29
1416,14.0,42.0,edd,er,76.89,49,0,3.38,Set 29
1417,26.0,28.0,abnub,eg,78.8,34,0,9.17,Set 29
1418,-10.0,-75.0,oxapampa,pe,55.47,100,92,1.36,Set 29
1419,0.0,97.0,sibolga,id,69.96,100,20,1.81,Set 29
1420,6.0,69.0,ugoofaaru,mv,84.45,100,0,7.29,Set 29
1421,-6.0,137.0,nabire,id,68.79,85,76,2.15,Set 29
1422,9.0,6.0,bida,ng,91.47,48,0,2.15,Set 29
1423,-45.0,-66.0,comodoro rivadavia,ar,71.6,26,0,31.09,Set 29
1424,-33.0,179.0,ruatoria,nz,,,,,Set 29
1425,-24.0,11.0,walvis bay,na,66.2,68,12,6.93,Set 29
1426,27.0,113.0,hengyang,cn,47.55,100,92,9.75,Set 29
1427,19.0,-76.0,port antonio,jm,86,66,20,17.22,Set 29
1428,50.0,-99.0,carberry,ca,35.6,74,75,9.17,Set 29
1429,14.0,-93.0,puerto madero,mx,73.4,49,0,20.8,Set 29
1430,56.0,80.0,ubinskoye,ru,20.91,85,0,11.65,Set 29
1431,19.0,102.0,phonhong,la,71.22,98,0,3.94,Set 29
1432,29.0,-83.0,spring hill,us,82.4,57,40,11.41,Set 29
1433,60.0,36.0,vytegra,ru,22.71,85,92,19.6,Set 29
1434,8.0,109.0,vung tau,vn,80.6,83,20,6.93,Set 29
1435,-5.0,1.0,port-gentil,ga,82.4,83,20,9.17,Set 29
1436,16.0,-62.0,vieux-habitants,gp,84.2,51,32,12.75,Set 29
1437,-23.0,145.0,charters towers,au,69.78,94,0,2.82,Set 29
1438,12.0,111.0,nha trang,vn,72.57,100,76,3.71,Set 29
1439,42.0,2.0,berga,es,48.2,70,24,3.04,Set 29
1440,31.0,80.0,joshimath,in,2.19,92,0,1.36,Set 29
1441,43.0,-127.0,north bend,us,46.4,81,1,8.05,Set 29
1442,15.0,86.0,yarada,in,82.11,98,12,8.86,Set 29
1443,24.0,102.0,zhoucheng,cn,50.79,100,100,6.4,Set 29
1444,-3.0,114.0,kualakapuas,id,76.98,95,88,2.26,Set 29
1445,6.0,38.0,dilla,et,56.1,92,44,2.71,Set 29
1446,61.0,52.0,kortkeros,ru,-16.61,82,8,4.47,Set 29
1447,23.0,110.0,yulin,cn,38.55,83,92,4.05,Set 29
1448,11.0,9.0,lere,ng,88.14,18,0,7.4,Set 29
1449,13.0,28.0,abu zabad,sd,72.93,19,0,8.08,Set 29
1450,-5.0,-44.0,codo,br,75.72,100,88,0.36,Set 30
1451,19.0,-85.0,cozumel,mx,,,,,Set 30
1452,-21.0,46.0,ikalamavony,mg,63.21,97,92,5.39,Set 30
1453,-12.0,-64.0,rodrigues alves,br,78.8,78,75,5.82,Set 30
1454,33.0,-5.0,mrirt,ma,,,,,Set 30
1455,45.0,-81.0,wiarton,ca,39.2,55,75,5.82,Set 30
1456,63.0,32.0,porosozero,ru,30.99,83,92,11.99,Set 30
1457,-3.0,156.0,kieta,pg,75.63,100,76,4.5,Set 30
1458,8.0,-92.0,acajutla,sv,93.2,59,20,6.93,Set 30
1459,14.0,-36.0,porto novo,cv,87.8,55,40,4.7,Set 30
1460,64.0,40.0,kodino,ru,19.83,78,80,11.77,Set 30
1461,45.0,77.0,ushtobe,kz,27.03,68,32,2.59,Set 30
1462,-27.0,41.0,ampanihy,mg,82.83,52,24,11.99,Set 30
1463,17.0,81.0,nuzvid,in,70.68,85,12,3.71,Set 30
1464,37.0,-28.0,horta,pt,51.8,70,8,2.82,Set 30
1465,48.0,22.0,levelek,hu,23,85,90,4.7,Set 30
1466,57.0,54.0,votkinsk,ru,7.05,76,80,13.44,Set 30
1467,47.0,50.0,marfino,ru,17.6,57,0,8.95,Set 30
1468,36.0,-104.0,tucumcari,us,69.8,15,1,18.34,Set 30
1469,-29.0,-60.0,reconquista,ar,78.78,100,80,19.04,Set 30
1470,65.0,50.0,koslan,ru,-5.65,69,12,5.95,Set 30
1471,-13.0,16.0,huambo,ao,64.29,85,36,2.71,Set 30
1472,35.0,31.0,chlorakas,cy,,,,,Set 30
1473,14.0,108.0,play cu,vn,,,,,Set 30
1474,-11.0,-170.0,lufilufi,ws,83.73,100,56,7.52,Set 30
1475,-22.0,-66.0,villazon,bo,,,,,Set 30
1476,24.0,-77.0,andros town,bs,82.4,54,20,8.05,Set 30
1477,61.0,5.0,aras,no,52.41,75,20,2.37,Set 30
1478,47.0,126.0,mingshui,cn,70.68,86,92,6.4,Set 30
1479,10.0,-11.0,gberia fotombu,sl,94.08,32,92,4.83,Set 30
1480,44.0,-122.0,bend,us,42.8,45,1,6.93,Set 30
1481,24.0,-97.0,soto la marina,mx,87.69,55,0,3.83,Set 30
1482,27.0,27.0,matay,eg,70.86,38,0,9.98,Set 30
1483,25.0,-99.0,linares,mx,66.45,37,0,5.17,Set 30
1484,53.0,50.0,samara,ru,3.2,65,0,15.66,Set 30
1485,-5.0,-62.0,manicore,br,77.79,94,68,1.92,Set 30
1486,-24.0,34.0,manjacaze,mz,74.19,76,0,8.08,Set 30
1487,-46.0,172.0,waitati,nz,46.56,91,76,5.95,Set 30
1488,17.0,-4.0,goundam,ml,95.34,15,12,10.2,Set 30
1489,34.0,32.0,pafos,cy,,,,,Set 30
1490,-10.0,10.0,luanda,ao,80.6,83,75,6.93,Set 30
1491,-10.0,136.0,galiwinku,au,,,,,Set 30
1492,8.0,5.0,ila,ng,35.6,96,90,24.16,Set 30
1493,56.0,85.0,yurga,ru,13.35,70,0,6.85,Set 30
1494,37.0,22.0,messini,gr,53.6,76,20,6.93,Set 30
1495,13.0,-87.0,somotillo,ni,95,26,75,4.7,Set 30
1496,38.0,36.0,goksun,tr,59,67,0,6.93,Set 30
1497,3.0,-21.0,goderich,sl,38.28,75,0,14.56,Set 30
1498,1.0,65.0,thinadhoo,mv,85.71,96,76,9.42,Set 30
1499,11.0,-100.0,tecoanapa,mx,80.6,65,75,11.41,Set 30
1500,-3.0,12.0,mossendjo,cg,78.78,76,92,3.6,
1501,21.0,71.0,una,in,80.58,100,92,7.18,
1502,68.0,49.0,ust-tsilma,ru,-12.67,39,0,4.61,
1503,-8.0,109.0,kroya,id,71.94,94,64,2.59,
1504,-21.0,-42.0,porciuncula,br,76.08,92,68,3.6,
1505,53.0,52.0,koltubanovskiy,ru,11.64,81,44,18.03,
1506,40.0,-122.0,red bluff,us,53.6,54,1,3.83,
1507,-27.0,-73.0,copiapo,cl,68,60,0,11.41,
1508,46.0,-7.0,cervo,es,82.4,69,40,5.82,
1509,-27.0,-48.0,porto belo,br,84.2,70,20,18.34,
1510,41.0,-104.0,fort morgan,us,50,39,1,12.75,
1511,49.0,0.0,argentan,fr,35.6,80,90,10.29,
1512,26.0,13.0,awbari,ly,64.74,11,0,2.71,
1513,29.0,51.0,bushehr,ir,69.8,52,0,9.17,
1514,38.0,37.0,afsin,tr,46.38,55,48,4.61,
1515,-23.0,49.0,farafangana,mg,74.91,100,92,12.21,
1516,40.0,-72.0,mastic beach,us,37.4,17,1,17.22,
1517,22.0,-64.0,road town,vg,84.2,58,20,6.93,
1518,2.0,23.0,bumba,cd,76.89,89,24,4.16,
1519,63.0,116.0,almaznyy,ru,20.55,93,92,16.24,
1520,9.0,-81.0,santa fe,pa,69.96,73,0,26.75,
1521,-16.0,-47.0,unai,br,87.06,54,48,4.5,
1522,6.0,5.0,okitipupa,ng,83.01,72,8,4.05,
1523,48.0,-100.0,devils lake,us,37.4,100,90,6.93,
1524,36.0,28.0,lardos,gr,62.6,72,40,4.7,
1525,36.0,33.0,anamur,tr,60.87,81,32,10.42,
1526,38.0,118.0,binzhou,cn,31.26,86,20,3.15,
1527,51.0,-1.0,waterlooville,gb,32,74,75,10.29,
1528,23.0,-105.0,pueblo nuevo,mx,86.34,31,0,2.82,
1529,-9.0,33.0,mlowo,tz,63.03,93,0,2.93,
1530,0.0,16.0,owando,cg,72.84,95,88,1.14,
1531,55.0,-69.0,port-cartier,ca,28.4,36,75,8.05,
1532,48.0,-106.0,glendive,us,30.2,100,90,6.93,
1533,-39.0,-62.0,punta alta,ar,96.8,39,40,14.99,
1534,36.0,-73.0,virginia beach,us,53.6,39,1,9.17,
1535,4.0,-85.0,burica,pa,,,,,
1536,58.0,161.0,palana,ru,6.24,70,76,3.04,
